entry_ts,exit_ts,kind,strike,entry_prem,exit_prem,pnl_pts,pnl_pct,reason,bars,t1_hit,lots,entry_spot,exit_spot,trigger,score,dte,vix
2018-01-24 09:40:00+05:30,2018-01-24 14:40:00+05:30,FLY,11050.0,130.9174484299586,104.6941750675855,20.223273362373092,15.447347626235347,TIME,60,False,2,11068.7,11083.0,iron_fly,100.0,1.9333333333333333,16.229999542236328
2018-01-25 09:40:00+05:30,2018-01-25 14:00:00+05:30,FLY,11050.0,103.84086878214805,51.43725269737697,46.40361608477108,44.68723791412329,TP,52,False,2,11074.9,11049.7,iron_fly,100.0,0.9333333333333333,18.040000915527344
2018-02-21 11:45:00+05:30,2018-02-21 14:40:00+05:30,FLY,10400.0,116.54986359300104,100.36811320216022,10.181750390840818,8.735960795626573,TIME,35,False,2,10385.2,10371.4,iron_fly,100.0,1.6,16.8700008392334
2018-02-22 09:40:00+05:30,2018-02-22 14:15:00+05:30,FLY,10350.0,83.91648801278134,41.0327999793757,36.88368803340564,43.95284991882391,TP,55,False,2,10349.7,10366.0,iron_fly,100.0,0.9333333333333333,15.920000076293944
2018-03-28 09:40:00+05:30,2018-03-28 14:40:00+05:30,FLY,10150.0,115.19568439802524,91.12163899315775,18.07404540486749,15.689863295935528,TIME,60,False,2,10135.7,10119.6,iron_fly,100.0,1.9333333333333333,15.550000190734863
2018-04-25 09:40:00+05:30,2018-04-25 14:40:00+05:30,FLY,10600.0,92.55170672574015,77.83664497294322,8.715061752796927,9.416424678825642,TIME,60,False,2,10601.1,10556.5,iron_fly,100.0,1.9333333333333333,11.899999618530272
2018-04-26 09:40:00+05:30,2018-04-26 14:40:00+05:30,FLY,10600.0,67.58367646753541,30.09267264360451,31.491003823930903,46.595576727847835,TP,60,False,2,10585.1,10579.6,iron_fly,100.0,0.9333333333333333,12.399999618530272
2018-05-30 09:40:00+05:30,2018-05-30 14:40:00+05:30,FLY,10600.0,102.0182705774782,77.98503014359576,18.03324043388244,17.676481214398766,TIME,60,False,2,10579.2,10604.6,iron_fly,100.0,1.9333333333333333,13.06999969482422
2018-05-31 10:35:00+05:30,2018-05-31 14:40:00+05:30,FLY,10650.0,66.81640285959148,35.172700522216836,25.64370233737464,38.3793518356002,TIME,49,False,2,10643.4,10676.1,iron_fly,100.0,0.7866666666666666,13.40999984741211
2018-06-27 09:40:00+05:30,2018-06-27 14:40:00+05:30,FLY,10750.0,102.2921279447759,98.87003372477048,-2.5779057799945804,-2.5201409255913667,TIME,60,False,2,10767.1,10672.2,iron_fly,100.0,1.9333333333333333,12.800000190734863
2018-06-28 09:40:00+05:30,2018-06-28 14:40:00+05:30,FLY,10650.0,73.24332857103983,70.58372335629937,-3.340394785259548,-4.560681294023452,TIME,60,False,2,10646.2,10579.5,iron_fly,100.0,0.9333333333333333,13.510000228881836
2018-07-25 09:40:00+05:30,2018-07-25 14:40:00+05:30,FLY,11150.0,101.67819552770149,78.29597267206046,17.382222855641032,17.095329795566023,TIME,60,False,2,11142.8,11137.7,iron_fly,100.0,1.9333333333333333,12.470000267028809
2018-07-26 09:40:00+05:30,2018-07-26 14:05:00+05:30,FLY,11150.0,70.2599933061214,34.631584022110836,29.628409284010566,42.169672796466365,TP,53,False,2,11161.5,11156.8,iron_fly,100.0,0.9333333333333333,12.210000038146973
2018-08-29 09:40:00+05:30,2018-08-29 14:40:00+05:30,FLY,11750.0,106.95358874304463,86.0295623363476,14.924026406697038,13.953740666479106,TIME,60,False,2,11733.1,11713.5,iron_fly,100.0,1.9333333333333333,12.43000030517578
2018-08-30 09:40:00+05:30,2018-08-30 14:05:00+05:30,FLY,11650.0,76.86042198658961,37.01287649636324,33.84754549022637,44.037678450597106,TP,53,False,2,11673.7,11658.2,iron_fly,100.0,0.9333333333333333,12.4399995803833
2018-09-26 10:00:00+05:30,2018-09-26 14:40:00+05:30,FLY,11100.0,131.72483573992142,120.8231009941328,4.901734745788616,3.7211925285423324,TIME,56,False,2,11095.0,11019.5,iron_fly,100.0,1.88,16.68000030517578
2018-09-27 09:40:00+05:30,2018-09-27 14:40:00+05:30,FLY,11050.0,97.42062139891796,70.78255410797877,20.63806729093919,21.1844956381775,TIME,60,False,2,11066.7,10981.4,iron_fly,100.0,0.9333333333333333,17.09000015258789
2018-10-24 09:40:00+05:30,2018-10-24 14:40:00+05:30,FLY,10250.0,140.2308600042425,121.30469244276496,12.926167561477527,9.217776715543543,TIME,60,False,2,10233.5,10180.3,iron_fly,100.0,1.9333333333333333,19.040000915527344
2018-10-25 09:40:00+05:30,2018-10-25 14:10:00+05:30,FLY,10150.0,97.56441816683308,47.75163477117112,43.81278339566196,44.906518399713136,TP,54,False,2,10148.5,10136.3,iron_fly,100.0,0.9333333333333333,18.8799991607666
2018-11-28 09:40:00+05:30,2018-11-28 14:40:00+05:30,FLY,10750.0,141.6255291634519,110.1794662478074,25.44606291564449,17.967144105973194,TIME,60,False,2,10726.8,10745.7,iron_fly,100.0,1.9333333333333333,18.31999969482422
2018-11-29 09:40:00+05:30,2018-11-29 14:40:00+05:30,FLY,10800.0,99.00477839045813,71.23637515459407,21.768403235864056,21.987224848898858,TIME,60,False,2,10806.2,10867.9,iron_fly,100.0,0.9333333333333333,17.959999084472656
2018-12-26 12:05:00+05:30,2018-12-26 14:15:00+05:30,FLY,10600.0,109.07620082054767,147.25287110773937,-44.1766702871917,-40.500741641956544,SL,26,False,2,10594.0,10729.6,iron_fly,100.0,1.5466666666666666,15.75
2018-12-27 09:40:00+05:30,2018-12-27 14:05:00+05:30,FLY,10800.0,87.60582513275077,43.77039904939411,37.83542608335666,43.18825377881427,TP,53,False,2,10801.1,10808.8,iron_fly,100.0,0.9333333333333333,15.920000076293944
2019-01-30 09:40:00+05:30,2019-01-30 14:40:00+05:30,FLY,10650.0,142.39797461847553,109.85422730446135,26.543747314014183,18.64053711798387,TIME,60,False,2,10674.4,10642.9,iron_fly,100.0,1.9333333333333333,18.43000030517578
2019-01-31 09:40:00+05:30,2019-01-31 14:40:00+05:30,FLY,10700.0,97.24779920942788,90.50066749838615,0.7471317110417317,0.7682762151077035,TIME,60,False,2,10694.8,10789.3,iron_fly,100.0,0.9333333333333333,17.850000381469727
2019-02-13 09:40:00+05:30,2019-02-13 14:40:00+05:30,FLY,10850.0,124.29562712495739,96.35416478750534,21.94146233745205,17.652642208718873,TIME,60,False,2,10856.6,10834.0,iron_fly,100.0,1.9333333333333333,15.75
2019-02-14 09:40:00+05:30,2019-02-14 14:00:00+05:30,FLY,10750.0,88.28766884767757,44.03841168287672,38.249257164800845,43.323442179442026,TP,52,False,2,10770.7,10756.3,iron_fly,100.0,0.9333333333333333,15.75
2019-02-20 09:40:00+05:30,2019-02-20 14:40:00+05:30,FLY,10700.0,141.53078267692229,112.03703946571349,23.493743211208795,16.59974089512305,TIME,60,False,2,10689.4,10673.1,iron_fly,100.0,1.9333333333333333,18.46999931335449
2019-02-21 09:40:00+05:30,2019-02-21 14:35:00+05:30,FLY,10750.0,93.50218033968704,45.32173273284152,42.180447606845526,45.111726222433354,TP,59,False,2,10740.8,10781.3,iron_fly,100.0,0.9333333333333333,17.059999465942383
2019-02-27 09:40:00+05:30,2019-02-27 14:40:00+05:30,FLY,10900.0,134.8773549738667,134.11371093193142,-5.236355958064735,-3.8823091979222983,TIME,60,False,2,10910.7,10793.7,iron_fly,100.0,1.9333333333333333,17.110000610351562
2019-02-28 09:45:00+05:30,2019-02-28 14:15:00+05:30,FLY,10800.0,104.67890360440592,52.24711388888581,46.431789715520104,44.35639667281135,TP,54,False,2,10819.8,10824.6,iron_fly,100.0,0.92,18.899999618530277
2019-03-06 09:40:00+05:30,2019-03-06 14:40:00+05:30,FLY,11050.0,125.76926475313441,97.13512846522138,22.634136287913023,17.99655610004585,TIME,60,False,2,11030.6,11041.2,iron_fly,100.0,1.9333333333333333,15.65999984741211
2019-03-07 09:40:00+05:30,2019-03-07 14:40:00+05:30,FLY,11050.0,88.09082773893752,41.37520955587242,40.7156181830651,46.220042685633835,TP,60,False,2,11055.4,11079.5,iron_fly,100.0,0.9333333333333333,15.609999656677246
2019-03-13 09:40:00+05:30,2019-03-13 14:40:00+05:30,FLY,11300.0,124.92391621703162,98.53654655000382,20.387369667027798,16.31982912832208,TIME,60,False,2,11316.6,11325.7,iron_fly,100.0,1.9333333333333333,15.100000381469728
2019-03-14 09:40:00+05:30,2019-03-14 14:05:00+05:30,FLY,11350.0,91.10978907927485,44.57462377873198,40.535165300542864,44.490461135052264,TP,53,False,2,11374.8,11336.9,iron_fly,100.0,0.9333333333333333,15.279999732971191
2019-03-20 09:40:00+05:30,2019-03-20 14:40:00+05:30,FLY,11550.0,137.04183036393164,108.49653579001989,22.545294573911747,16.451396273707022,TIME,60,False,2,11532.0,11520.6,iron_fly,100.0,1.9333333333333333,16.489999771118164
2019-03-27 09:40:00+05:30,2019-03-27 14:40:00+05:30,FLY,11500.0,136.54330356565737,106.79251080272041,23.750792762936953,17.39432996178849,TIME,60,False,2,11506.1,11481.5,iron_fly,100.0,1.9333333333333333,16.489999771118164
2019-03-28 09:40:00+05:30,2019-03-28 14:35:00+05:30,FLY,11500.0,100.37817743480926,47.833079315635494,46.545098119173765,46.36973823259795,TP,59,False,2,11482.8,11532.2,iron_fly,100.0,0.9333333333333333,17.049999237060547
2019-04-03 09:40:00+05:30,2019-04-03 14:40:00+05:30,FLY,11750.0,150.4074182986716,126.54917622450557,17.858242074166014,11.873245532812753,TIME,60,False,2,11746.0,11689.2,iron_fly,100.0,1.9333333333333333,18.07999992370605
2019-04-04 09:40:00+05:30,2019-04-04 14:40:00+05:30,FLY,11650.0,111.18077781604502,74.00374268165356,31.17703513439146,28.04174943439922,TIME,60,False,2,11653.1,11580.1,iron_fly,100.0,0.9333333333333333,18.780000686645508
2019-04-10 09:40:00+05:30,2019-04-10 14:40:00+05:30,FLY,11650.0,165.44267304475284,134.7588923614038,24.683780683349028,14.919839137676394,TIME,60,False,2,11673.7,11604.1,iron_fly,100.0,1.9333333333333333,20.280000686645508
2019-04-11 09:40:00+05:30,2019-04-11 14:20:00+05:30,FLY,11600.0,123.83390937219292,59.235230169309396,58.59867920288352,47.32038219576869,TP,56,False,2,11595.2,11574.5,iron_fly,100.0,0.9333333333333333,21.1299991607666
2019-04-25 09:40:00+05:30,2019-04-25 14:10:00+05:30,FLY,11750.0,139.45876569411428,68.13888992189769,65.31987577221659,46.83812842248133,TP,54,False,2,11739.9,11740.6,iron_fly,100.0,0.9333333333333333,23.709999084472656
2019-05-02 09:40:00+05:30,2019-05-02 14:10:00+05:30,FLY,11750.0,129.29576208571646,64.56916812362616,58.726593962090305,45.420354862951804,TP,54,False,2,11752.9,11769.7,iron_fly,100.0,0.9333333333333333,21.82999992370605
2019-05-29 09:40:00+05:30,2019-05-29 14:40:00+05:30,FLY,11900.0,136.7263675089677,110.10893800159504,20.617429507372677,15.079336841169575,TIME,60,False,2,11911.9,11858.6,iron_fly,100.0,1.9333333333333333,15.920000076293944
2019-05-30 09:40:00+05:30,2019-05-30 14:40:00+05:30,FLY,11900.0,99.40766943023476,59.794062346752206,33.613607083482556,33.813897133030466,TIME,60,False,2,11900.0,11953.5,iron_fly,100.0,0.9333333333333333,16.40999984741211
2019-06-12 09:40:00+05:30,2019-06-12 14:40:00+05:30,FLY,11900.0,126.80149720734282,96.91569886826467,23.88579833907815,18.83715797142415,TIME,60,False,2,11922.6,11887.9,iron_fly,100.0,1.9333333333333333,14.489999771118164
2019-06-13 09:40:00+05:30,2019-06-13 14:40:00+05:30,FLY,11850.0,87.28095389069804,54.37128299268979,26.90967089800825,30.831091662571925,TIME,60,False,2,11870.4,11899.9,iron_fly,100.0,0.9333333333333333,14.119999885559082
2019-06-19 09:40:00+05:30,2019-06-19 14:40:00+05:30,FLY,11800.0,125.09978254513283,159.9454824935557,-40.84569994842286,-32.65049636172371,TIME,60,False,2,11781.5,11647.5,iron_fly,100.0,1.9333333333333333,14.600000381469728
2019-06-20 09:40:00+05:30,2019-06-20 14:40:00+05:30,FLY,11700.0,87.79448687318418,81.54593130859607,0.24855556458811634,0.2831106752148862,TIME,60,False,2,11700.3,11780.4,iron_fly,100.0,0.9333333333333333,14.729999542236328
2019-06-26 09:55:00+05:30,2019-06-26 14:40:00+05:30,FLY,11800.0,128.10847463682123,110.58980140941397,11.518673227407263,8.99134367188581,TIME,57,False,2,11817.9,11856.7,iron_fly,100.0,1.8933333333333333,15.010000228881836
2019-06-27 09:40:00+05:30,2019-06-27 14:05:00+05:30,FLY,11850.0,90.34047353953821,44.60818288012924,39.73229065940897,43.98060924710542,TP,53,False,2,11866.1,11838.7,iron_fly,100.0,0.9333333333333333,14.75
2019-07-03 09:40:00+05:30,2019-07-03 14:40:00+05:30,FLY,11900.0,124.45778802608592,99.44889858349902,19.008889442586906,15.27336275541287,TIME,60,False,2,11919.0,11932.5,iron_fly,100.0,1.9333333333333333,14.25
2019-07-04 09:40:00+05:30,2019-07-04 14:05:00+05:30,FLY,11950.0,83.5549677301191,41.08515203616425,36.46981569395485,43.647692871777096,TP,53,False,2,11954.0,11951.8,iron_fly,100.0,0.9333333333333333,13.699999809265137
2019-07-10 09:40:00+05:30,2019-07-10 14:40:00+05:30,FLY,11600.0,116.15524710578752,121.73645556932718,-11.581208463539653,-9.97045656748692,TIME,60,False,2,11578.7,11497.1,iron_fly,100.0,1.9333333333333333,13.6899995803833
2019-07-11 09:40:00+05:30,2019-07-11 14:40:00+05:30,FLY,11550.0,81.94308996820874,45.321140644776186,30.621949323432553,37.369776188953665,TIME,60,False,2,11525.8,11589.1,iron_fly,100.0,0.9333333333333333,13.640000343322754
2019-07-17 09:40:00+05:30,2019-07-17 14:40:00+05:30,FLY,11650.0,101.45838411707736,84.26113549492848,11.197248622148877,11.036297019305838,TIME,60,False,2,11674.2,11692.2,iron_fly,100.0,1.9333333333333333,11.5600004196167
2019-07-18 09:40:00+05:30,2019-07-18 14:20:00+05:30,FLY,11650.0,70.11148316043946,33.67573846928226,30.435744691157204,43.41049899273936,TP,56,False,2,11652.4,11633.8,iron_fly,100.0,0.9333333333333333,11.800000190734863
2019-07-24 09:40:00+05:30,2019-07-24 14:40:00+05:30,FLY,11300.0,110.71079848011996,89.32095601406436,15.389842466055597,13.90094071882167,TIME,60,False,2,11290.5,11262.6,iron_fly,100.0,1.9333333333333333,13.43000030517578
2019-07-25 10:10:00+05:30,2019-07-25 12:15:00+05:30,FLY,11350.0,71.12194065691111,96.01461988683,-30.892679229918897,-43.436215244665114,SL,25,False,2,11335.3,11273.7,iron_fly,100.0,0.8533333333333334,12.760000228881836
2019-07-25 12:30:00+05:30,2019-07-25 14:40:00+05:30,FLY,11250.0,56.268347805674146,55.600156439044575,-5.331808633370429,-9.475680096000197,TIME,26,False,2,11273.9,11303.5,iron_fly,100.0,0.48,12.760000228881836
2019-07-31 09:40:00+05:30,2019-07-31 14:40:00+05:30,FLY,11050.0,110.40091194802255,104.59122173073281,-0.19030978271025845,-0.17238062562368822,TIME,60,False,2,11059.4,11121.3,iron_fly,100.0,1.9333333333333333,13.609999656677246
2019-08-01 09:40:00+05:30,2019-08-01 13:50:00+05:30,FLY,11050.0,76.51115678946044,103.2900616657716,-32.77890487631116,-42.84199357553893,SL,50,False,2,11050.9,10955.5,iron_fly,100.0,0.9333333333333333,13.59000015258789
2019-08-07 09:40:00+05:30,2019-08-07 14:40:00+05:30,FLY,10950.0,127.78998797396694,102.9097712507274,18.880216723239542,14.774409969492893,TIME,60,False,2,10950.4,10910.8,iron_fly,100.0,1.9333333333333333,16.1200008392334
2019-08-08 09:45:00+05:30,2019-08-08 14:30:00+05:30,FLY,10850.0,92.46646302915192,124.82972508935511,-38.36326206020318,-41.48883909197261,SL,57,False,2,10860.6,10978.1,iron_fly,100.0,0.92,16.739999771118164
2019-08-14 09:40:00+05:30,2019-08-14 14:40:00+05:30,FLY,10950.0,139.89513739434383,131.48014731396592,2.414990080377919,1.7262859348501989,TIME,60,False,2,10956.9,11037.6,iron_fly,100.0,1.9333333333333333,17.780000686645508
2019-08-21 09:40:00+05:30,2019-08-21 14:40:00+05:30,FLY,11000.0,131.96681005751807,121.31910284835747,4.6477072091606,3.521875846763959,TIME,60,False,2,10997.1,10916.2,iron_fly,100.0,1.9333333333333333,16.6299991607666
2019-08-22 09:40:00+05:30,2019-08-22 14:40:00+05:30,FLY,10900.0,95.35341299148338,116.05420346090435,-26.700790469420966,-28.001924243451864,TIME,60,False,2,10880.4,10783.6,iron_fly,100.0,0.9333333333333333,17.020000457763672
2019-08-28 09:40:00+05:30,2019-08-28 14:40:00+05:30,FLY,11100.0,128.48596822477964,129.24757408295497,-6.761605858175329,-5.262524734487928,TIME,60,False,2,11095.9,10996.4,iron_fly,100.0,1.9333333333333333,16.010000228881836
2019-08-29 09:40:00+05:30,2019-08-29 14:10:00+05:30,FLY,11000.0,94.41286000091296,46.05381173205969,42.359048268853265,44.86576115631246,TP,54,False,2,10991.5,11011.2,iron_fly,100.0,0.9333333333333333,16.84000015258789
2019-09-04 09:40:00+05:30,2019-09-04 14:40:00+05:30,FLY,10800.0,140.03475787278572,112.56171112263598,21.473046750149734,15.334083534929862,TIME,60,False,2,10783.9,10831.1,iron_fly,100.0,1.9333333333333333,18.059999465942383
2019-09-05 09:40:00+05:30,2019-09-05 14:05:00+05:30,FLY,10850.0,97.79155377254376,47.51993046870066,44.27162330384311,45.271418231901464,TP,53,False,2,10874.8,10839.6,iron_fly,100.0,0.9333333333333333,17.239999771118164
2019-09-11 09:40:00+05:30,2019-09-11 14:40:00+05:30,FLY,11050.0,126.7907977518725,98.21669248087646,22.574105270996043,17.804214242088133,TIME,60,False,2,11040.7,11046.4,iron_fly,100.0,1.9333333333333333,15.850000381469728
2019-09-12 09:40:00+05:30,2019-09-12 14:40:00+05:30,FLY,11100.0,88.50256346488041,92.76100547199164,-10.258442007111228,-11.591124149959771,TIME,60,False,2,11075.6,11007.1,iron_fly,100.0,0.9333333333333333,15.369999885559082
2019-09-18 09:40:00+05:30,2019-09-18 14:40:00+05:30,FLY,10850.0,125.92806822432671,98.01690658434467,21.91116163998204,17.399744114989335,TIME,60,False,2,10840.5,10859.2,iron_fly,100.0,1.9333333333333333,16.020000457763672
2019-09-25 09:50:00+05:30,2019-09-25 14:40:00+05:30,FLY,11500.0,138.11650061826643,118.45922557972762,13.657275038538813,9.888228399505646,TIME,58,False,2,11515.6,11434.2,iron_fly,100.0,1.9066666666666667,16.729999542236328
2019-09-26 12:05:00+05:30,2019-09-26 14:40:00+05:30,FLY,11500.0,73.72492024555541,85.93003503303541,-18.20511478748,-24.693298720221424,TIME,31,False,2,11515.1,11584.6,iron_fly,100.0,0.5466666666666666,16.170000076293945
2019-10-03 09:40:00+05:30,2019-10-03 14:05:00+05:30,FLY,11300.0,97.46209208542572,47.59596416965578,43.866127915769944,45.008399652781094,TP,53,False,2,11314.8,11303.3,iron_fly,100.0,0.9333333333333333,16.760000228881836
2019-10-09 09:40:00+05:30,2019-10-09 14:40:00+05:30,FLY,11150.0,142.25565889515912,158.90236327292945,-22.646704377770334,-15.919721263574274,TIME,60,False,2,11136.3,11284.5,iron_fly,100.0,1.9333333333333333,17.829999923706055
2019-10-10 09:40:00+05:30,2019-10-10 14:10:00+05:30,FLY,11250.0,100.01190049610659,48.356126379734086,45.655774116372505,45.65034149925974,TP,54,False,2,11270.3,11234.8,iron_fly,100.0,0.9333333333333333,17.15999984741211
2019-10-16 09:40:00+05:30,2019-10-16 14:40:00+05:30,FLY,11450.0,139.90552808849736,108.61457310236202,25.290954986135347,18.077166307636915,TIME,60,False,2,11471.8,11431.1,iron_fly,100.0,1.9333333333333333,16.850000381469727
2019-10-17 09:40:00+05:30,2019-10-17 14:40:00+05:30,FLY,11450.0,96.66829803040325,105.41266940574914,-14.744371375345892,-15.252540569927717,TIME,60,False,2,11466.7,11554.8,iron_fly,100.0,0.9333333333333333,16.360000610351562
2019-10-23 09:40:00+05:30,2019-10-23 14:40:00+05:30,FLY,11600.0,139.69400418935876,109.19836773291172,24.495636456447045,17.535209616615035,TIME,60,False,2,11589.0,11602.1,iron_fly,100.0,1.9333333333333333,16.809999465942383
2019-10-24 09:40:00+05:30,2019-10-24 14:40:00+05:30,FLY,11650.0,98.26707099013188,54.18944122615007,38.07762976398181,38.74912458498495,TIME,60,False,2,11638.9,11603.0,iron_fly,100.0,0.9333333333333333,16.540000915527344
2019-10-30 10:35:00+05:30,2019-10-30 14:40:00+05:30,FLY,11850.0,134.65076675888625,109.01476274773052,19.636004011155734,14.582912881823498,TIME,49,False,2,11849.6,11838.5,iron_fly,100.0,1.7866666666666666,16.420000076293945
2019-10-31 09:40:00+05:30,2019-10-31 14:25:00+05:30,FLY,11900.0,101.4104881688821,50.577589272566364,44.83289889631573,44.209331505883384,TP,57,False,2,11909.9,11931.0,iron_fly,100.0,0.9333333333333333,16.65999984741211
2019-11-06 09:40:00+05:30,2019-11-06 14:40:00+05:30,FLY,11850.0,136.86645796794616,159.90800739780212,-29.041549429855962,-21.21889457872683,TIME,60,False,2,11869.1,11990.1,iron_fly,100.0,1.9333333333333333,15.920000076293944
2019-11-07 09:40:00+05:30,2019-11-07 14:05:00+05:30,FLY,12000.0,97.17428766117122,47.60796496877756,43.56632269239366,44.833179373849774,TP,53,False,2,12012.2,12003.6,iron_fly,100.0,0.9333333333333333,15.779999732971191
2019-11-13 09:40:00+05:30,2019-11-13 14:40:00+05:30,FLY,11950.0,139.5406217027023,131.2220017836382,2.318619919064105,1.6616092796290036,TIME,60,False,2,11928.2,11854.9,iron_fly,100.0,1.9333333333333333,16.25
2019-11-14 09:45:00+05:30,2019-11-14 14:40:00+05:30,FLY,11800.0,99.31536520953728,57.47890983815628,35.836455371381,36.083495535431624,TIME,59,False,2,11815.9,11850.5,iron_fly,100.0,0.92,16.459999084472656
2019-11-20 09:40:00+05:30,2019-11-20 14:40:00+05:30,FLY,12000.0,133.62046867955135,103.81665224050205,23.8038164390493,17.814498537746953,TIME,60,False,2,11977.9,11987.1,iron_fly,100.0,1.9333333333333333,15.40999984741211
2019-11-21 09:40:00+05:30,2019-11-21 14:05:00+05:30,FLY,12000.0,92.63065736716217,46.01462017618487,40.6160371909773,43.847294562519,TP,53,False,2,11995.9,11991.5,iron_fly,100.0,0.9333333333333333,15.15999984741211
2019-11-27 09:40:00+05:30,2019-11-27 14:40:00+05:30,FLY,12100.0,129.5778147134106,101.33710070101895,22.240714012391635,17.163982940738578,TIME,60,False,2,12092.2,12080.9,iron_fly,100.0,1.9333333333333333,14.84000015258789
2019-11-28 09:40:00+05:30,2019-11-28 14:20:00+05:30,FLY,12100.0,90.93742127486857,44.91051677172381,40.026904503144756,44.015878108264076,TP,56,False,2,12112.3,12123.9,iron_fly,100.0,0.9333333333333333,14.619999885559082
2019-12-04 09:40:00+05:30,2019-12-04 14:40:00+05:30,FLY,12000.0,126.45381373233701,98.11709426243922,22.336719469897787,17.663935005691172,TIME,60,False,2,11999.6,12002.8,iron_fly,100.0,1.9333333333333333,14.5600004196167
2019-12-05 09:40:00+05:30,2019-12-05 14:05:00+05:30,FLY,12050.0,82.96223444541684,40.28330765638693,36.67892678902991,44.211594630038554,TP,53,False,2,12064.6,12046.5,iron_fly,100.0,0.9333333333333333,13.31999969482422
2019-12-11 09:40:00+05:30,2019-12-11 14:40:00+05:30,FLY,11900.0,123.2561722225769,102.57735676591749,14.678815456659407,11.90919301806022,TIME,60,False,2,11895.9,11848.9,iron_fly,100.0,1.9333333333333333,14.289999961853027
2019-12-12 09:40:00+05:30,2019-12-12 14:20:00+05:30,FLY,11950.0,83.03781119128544,41.49694905192509,35.54086213936035,42.80081763895319,TP,56,False,2,11967.2,11973.9,iron_fly,100.0,0.9333333333333333,13.380000114440918
2019-12-18 09:40:00+05:30,2019-12-18 14:40:00+05:30,FLY,12200.0,111.31889231588855,86.04221435740183,19.276677958486715,17.316627535050806,TIME,60,False,2,12194.6,12205.7,iron_fly,100.0,1.9333333333333333,12.520000457763672
2019-12-19 09:40:00+05:30,2019-12-19 14:40:00+05:30,FLY,12200.0,76.65537562434056,53.59002283808811,17.065352786252454,22.26243449628815,TIME,60,False,2,12198.7,12250.6,iron_fly,100.0,0.9333333333333333,12.34000015258789
2019-12-26 09:40:00+05:30,2019-12-26 14:30:00+05:30,FLY,12200.0,73.00880242450549,35.51032234302456,31.498480081480928,43.14340057015978,TP,58,False,2,12210.1,12176.0,iron_fly,100.0,0.9333333333333333,11.630000114440918
2020-01-01 09:40:00+05:30,2020-01-01 14:40:00+05:30,FLY,12200.0,104.26450753091558,80.91199846876353,17.352509062152052,16.642776600663307,TIME,60,False,2,12202.7,12179.8,iron_fly,100.0,1.9333333333333333,11.670000076293944
2020-01-02 09:40:00+05:30,2020-01-02 14:40:00+05:30,FLY,12200.0,73.7318557660441,73.05528681273421,-5.323431046690104,-7.219987875500775,TIME,60,False,2,12213.7,12272.3,iron_fly,100.0,0.9333333333333333,11.670000076293944
2020-01-08 10:00:00+05:30,2020-01-08 14:40:00+05:30,FLY,12000.0,125.29580028012651,98.50490451558017,20.79089576454635,16.593449834761977,TIME,56,False,2,11986.1,12004.0,iron_fly,100.0,1.88,14.609999656677246
2020-01-09 09:40:00+05:30,2020-01-09 14:40:00+05:30,FLY,12150.0,97.01197036942173,53.22728948705835,37.78468088236338,38.94847278998587,TIME,60,False,2,12156.0,12195.1,iron_fly,100.0,0.9333333333333333,15.640000343322754
2020-01-15 09:40:00+05:30,2020-01-15 14:40:00+05:30,FLY,12300.0,124.2405307421156,96.49195443408681,21.748576308028788,17.50521844853675,TIME,60,False,2,12305.4,12308.8,iron_fly,100.0,1.9333333333333333,13.90999984741211
2020-01-16 09:40:00+05:30,2020-01-16 14:40:00+05:30,FLY,12400.0,90.36688002668726,50.64717076926481,33.719709257422444,37.31423420556768,TIME,60,False,2,12378.0,12355.2,iron_fly,100.0,0.9333333333333333,14.119999885559082
2020-01-22 09:40:00+05:30,2020-01-22 14:40:00+05:30,FLY,12200.0,138.58571555584615,131.99718010251235,0.5885354533338045,0.42467252196467625,TIME,60,False,2,12192.2,12102.6,iron_fly,100.0,1.9333333333333333,15.859999656677246
2020-01-23 09:40:00+05:30,2020-01-23 14:10:00+05:30,FLY,12150.0,102.05767822972726,50.13113617688432,45.92654205284294,45.000575017456654,TP,54,False,2,12164.0,12165.7,iron_fly,100.0,0.9333333333333333,16.360000610351562
2020-01-29 09:40:00+05:30,2020-01-29 14:40:00+05:30,FLY,12150.0,148.94804656091134,118.48909479053263,24.458951770378704,16.42112960533281,TIME,60,False,2,12143.8,12123.9,iron_fly,100.0,1.9333333333333333,17.299999237060547
2020-02-05 09:40:00+05:30,2020-02-05 14:40:00+05:30,FLY,12050.0,126.09223518410838,99.2486788026307,20.84355638147767,16.530404390915756,TIME,60,False,2,12026.2,12071.5,iron_fly,100.0,1.9333333333333333,14.380000114440918
2020-02-06 09:40:00+05:30,2020-02-06 14:15:00+05:30,FLY,12150.0,87.70752930613926,43.617208470519834,38.09032083561943,43.42879241606139,TP,55,False,2,12150.3,12129.3,iron_fly,100.0,0.9333333333333333,14.170000076293944
2020-02-12 10:55:00+05:30,2020-02-12 14:40:00+05:30,FLY,12200.0,116.7627084098211,95.49389604728891,15.268812362532188,13.07678844596577,TIME,45,False,2,12200.8,12208.5,iron_fly,100.0,1.7333333333333334,13.880000114440918
2020-02-13 09:40:00+05:30,2020-02-13 14:40:00+05:30,FLY,12200.0,86.03889116289739,44.79040307812638,35.248488084771004,40.96808734788907,TIME,60,False,2,12177.0,12162.3,iron_fly,100.0,0.9333333333333333,13.619999885559082
2020-02-19 09:40:00+05:30,2020-02-19 14:40:00+05:30,FLY,12100.0,127.09708106673506,98.67460026521732,22.422480801517736,17.642010826152905,TIME,60,False,2,12084.8,12104.6,iron_fly,100.0,1.9333333333333333,14.510000228881836
2020-02-20 09:40:00+05:30,2020-02-20 14:10:00+05:30,FLY,12100.0,88.34327677357706,43.765602211140866,38.577674562436194,43.6679235493046,TP,54,False,2,12119.8,12117.4,iron_fly,100.0,0.9333333333333333,14.020000457763672
2020-02-26 09:40:00+05:30,2020-02-26 14:40:00+05:30,FLY,11700.0,142.01822479683986,113.0268249184058,22.991399878434066,16.18904891349245,TIME,60,False,2,11712.4,11666.2,iron_fly,100.0,1.9333333333333333,16.899999618530273
2020-07-29 09:40:00+05:30,2020-07-29 14:40:00+05:30,FLY,11300.0,180.9397771579521,170.17050753171543,4.769269626236678,2.635832596429764,TIME,60,False,2,11277.4,11179.9,iron_fly,100.0,1.9333333333333333,23.63999938964844
2020-08-05 09:40:00+05:30,2020-08-05 14:40:00+05:30,FLY,11200.0,180.47010134213508,158.94957860293835,15.520522739196736,8.600052099362951,TIME,60,False,2,11197.6,11112.0,iron_fly,100.0,1.9333333333333333,23.81999969482422
2020-08-06 09:40:00+05:30,2020-08-06 14:20:00+05:30,FLY,11150.0,132.9477810057279,60.569280456775594,66.3785005489523,49.92825005939171,TP,56,False,2,11165.3,11161.1,iron_fly,100.0,0.9333333333333333,23.56999969482422
2020-08-12 09:40:00+05:30,2020-08-12 14:40:00+05:30,FLY,11300.0,167.35985776624216,134.29674646919477,27.063111297047385,16.17061083718621,TIME,60,False,2,11281.9,11315.0,iron_fly,100.0,1.9333333333333333,21.36000061035156
2020-08-13 09:40:00+05:30,2020-08-13 14:40:00+05:30,FLY,11350.0,120.00421205552338,66.95734378554371,47.04686826997967,39.20434746758063,TIME,60,False,2,11356.0,11291.8,iron_fly,100.0,0.9333333333333333,20.850000381469727
2020-08-19 09:40:00+05:30,2020-08-19 14:40:00+05:30,FLY,11450.0,162.97269390753166,130.68623492926082,26.286458978270844,16.129363973811095,TIME,60,False,2,11445.8,11425.3,iron_fly,100.0,1.9333333333333333,20.43000030517578
2020-08-20 09:40:00+05:30,2020-08-20 14:25:00+05:30,FLY,11350.0,115.15630984972734,55.4455787127903,53.710731136937035,46.641587601258315,TP,57,False,2,11336.4,11319.0,iron_fly,100.0,0.9333333333333333,19.959999084472656
2020-08-26 09:40:00+05:30,2020-08-26 14:40:00+05:30,FLY,11500.0,156.2374646427154,128.64390673513552,21.59355790757988,13.820985867224698,TIME,60,False,2,11494.9,11542.1,iron_fly,100.0,1.9333333333333333,19.31999969482422
2020-08-27 09:40:00+05:30,2020-08-27 14:10:00+05:30,FLY,11600.0,113.63233176559672,56.597845543489164,51.03448622210755,44.91194137191747,TP,54,False,2,11591.6,11580.0,iron_fly,100.0,0.9333333333333333,19.299999237060547
2020-09-02 09:40:00+05:30,2020-09-02 14:40:00+05:30,FLY,11500.0,172.08256410040394,139.9514465383048,26.13111756209915,15.185220942461427,TIME,60,False,2,11495.0,11525.6,iron_fly,100.0,1.9333333333333333,21.799999237060547
2020-09-03 09:40:00+05:30,2020-09-03 14:05:00+05:30,FLY,11550.0,123.42176550403728,61.18050209122193,56.24126341281535,45.56835107902879,TP,53,False,2,11555.8,11547.0,iron_fly,100.0,0.9333333333333333,21.11000061035156
2020-09-09 09:40:00+05:30,2020-09-09 14:40:00+05:30,FLY,11250.0,175.31364227227374,141.87506868952522,27.438573582748518,15.651134291154928,TIME,60,False,2,11266.1,11271.1,iron_fly,100.0,1.9333333333333333,22.71999931335449
2020-09-10 09:40:00+05:30,2020-09-10 14:40:00+05:30,FLY,11350.0,127.3424321901903,80.21998909640675,41.122443093783545,32.292804830652024,TIME,60,False,2,11352.5,11423.1,iron_fly,100.0,0.9333333333333333,22.229999542236328
2020-09-16 09:40:00+05:30,2020-09-16 14:40:00+05:30,FLY,11550.0,165.20562279057754,138.31375837381307,20.891864416764463,12.645976610159316,TIME,60,False,2,11539.0,11601.3,iron_fly,100.0,1.9333333333333333,20.600000381469727
2020-09-17 09:40:00+05:30,2020-09-17 14:10:00+05:30,FLY,11550.0,116.7344882667623,56.95204579615292,53.782442470609375,46.07245319627002,TP,54,False,2,11571.3,11531.9,iron_fly,100.0,0.9333333333333333,19.65999984741211
2020-09-23 09:40:00+05:30,2020-09-23 14:40:00+05:30,FLY,11200.0,167.26668996693257,156.07434735478301,5.1923426121495595,3.104229905653091,TIME,60,False,2,11220.7,11090.2,iron_fly,100.0,1.9333333333333333,21.40999984741211
2020-09-24 09:40:00+05:30,2020-09-24 14:35:00+05:30,FLY,11000.0,117.01495037569835,157.9701830071928,-46.95523263149444,-40.127549924805244,SL,59,False,2,10995.4,10853.5,iron_fly,100.0,0.9333333333333333,20.989999771118164
2020-09-30 09:40:00+05:30,2020-09-30 14:40:00+05:30,FLY,11200.0,156.17198966265016,133.40299831933666,16.768991343313502,10.737515337760946,TIME,60,False,2,11207.8,11261.8,iron_fly,100.0,1.9333333333333333,19.770000457763672
2020-10-01 09:40:00+05:30,2020-10-01 14:40:00+05:30,FLY,11350.0,114.38685535712551,56.04172851903959,52.345126838085925,45.7614877816686,TP,60,False,2,11373.1,11393.1,iron_fly,100.0,0.9333333333333333,19.530000686645508
2020-10-07 09:40:00+05:30,2020-10-07 14:40:00+05:30,FLY,11700.0,160.6785057837746,135.65046948946934,19.028036294305252,11.842303487630959,TIME,60,False,2,11685.1,11756.0,iron_fly,100.0,1.9333333333333333,19.63999938964844
2020-10-08 09:40:00+05:30,2020-10-08 14:40:00+05:30,FLY,11900.0,121.87866743243538,86.45251059488183,29.42615683755355,24.143812413986414,TIME,60,False,2,11875.2,11816.9,iron_fly,100.0,0.9333333333333333,20.059999465942383
2020-10-14 12:20:00+05:30,2020-10-14 14:40:00+05:30,FLY,11900.0,154.40385660234222,138.71110118479086,9.692755417551354,6.277534532388305,TIME,28,False,2,11877.1,11931.7,iron_fly,100.0,1.5066666666666668,20.71999931335449
2020-10-21 09:40:00+05:30,2020-10-21 14:40:00+05:30,FLY,12000.0,183.19611953202468,191.75973297420063,-14.56361344217595,-7.94973904435245,TIME,60,False,2,12013.6,11834.0,iron_fly,100.0,1.9333333333333333,22.690000534057617
2020-10-22 09:40:00+05:30,2020-10-22 14:10:00+05:30,FLY,11900.0,136.70233810261624,66.48391323743127,64.21842486518497,46.97682991857763,TP,54,False,2,11896.1,11894.4,iron_fly,100.0,0.9333333333333333,22.920000076293945
2020-10-28 09:40:00+05:30,2020-10-28 14:40:00+05:30,FLY,11900.0,178.89674567784323,184.30224430499473,-11.405498627151502,-6.37546456417407,TIME,60,False,2,11900.8,11745.2,iron_fly,100.0,1.9333333333333333,22.200000762939453
2020-10-29 09:40:00+05:30,2020-10-29 14:05:00+05:30,FLY,11650.0,136.70277853755016,68.18100724882552,62.521771288724636,45.73555267682497,TP,53,False,2,11664.7,11654.5,iron_fly,100.0,0.9333333333333333,23.280000686645508
2020-11-05 09:40:00+05:30,2020-11-05 14:35:00+05:30,FLY,12050.0,140.25241473725904,69.42893359304745,64.8234811442116,46.21915513230075,TP,59,False,2,12062.2,12098.4,iron_fly,100.0,0.9333333333333333,23.200000762939453
2020-11-11 10:00:00+05:30,2020-11-11 14:40:00+05:30,FLY,12750.0,182.23059295686528,150.05621523963038,26.174377717234904,14.36332796405403,TIME,56,False,2,12732.4,12734.7,iron_fly,100.0,1.88,21.57999992370605
2020-11-12 09:40:00+05:30,2020-11-12 14:10:00+05:30,FLY,12700.0,140.1511291289271,68.88376561769147,65.26736351123563,46.56927412350365,TP,54,False,2,12683.1,12686.0,iron_fly,100.0,0.9333333333333333,22.030000686645508
2020-11-18 09:40:00+05:30,2020-11-18 14:40:00+05:30,FLY,12850.0,174.23758870807785,147.40474509376116,20.832843614316687,11.956572498957483,TIME,60,False,2,12868.5,12908.2,iron_fly,100.0,1.9333333333333333,19.799999237060547
2020-11-25 09:40:00+05:30,2020-11-25 14:40:00+05:30,FLY,13100.0,184.85594236503744,214.433744834163,-35.57780246912557,-19.246231424289096,TIME,60,False,2,13122.4,12890.4,iron_fly,100.0,1.9333333333333333,21.059999465942383
2020-11-26 10:15:00+05:30,2020-11-26 14:40:00+05:30,FLY,12850.0,140.9095351136364,91.75532135009317,43.154213763543225,30.625474513659807,TIME,53,False,2,12852.8,12932.5,iron_fly,100.0,0.84,23.1299991607666
2020-12-02 09:40:00+05:30,2020-12-02 14:40:00+05:30,FLY,13100.0,178.88424420936747,146.89613514999098,25.988109059376484,14.527891583878011,TIME,60,False,2,13114.3,13061.1,iron_fly,100.0,1.9333333333333333,20.18000030517578
2020-12-03 09:45:00+05:30,2020-12-03 14:10:00+05:30,FLY,13150.0,131.14833982837902,64.04563065161565,61.10270917676337,46.59053195543497,TP,53,False,2,13160.6,13140.9,iron_fly,100.0,0.92,19.90999984741211
2020-12-09 09:40:00+05:30,2020-12-09 14:40:00+05:30,FLY,13500.0,172.01809057362152,140.29245270663483,25.725637866986688,14.955193248105756,TIME,60,False,2,13476.3,13527.4,iron_fly,100.0,1.9333333333333333,18.6200008392334
2020-12-10 10:15:00+05:30,2020-12-10 14:20:00+05:30,FLY,13450.0,122.48290298734989,59.861301675039975,56.62160131230991,46.228167304426016,TP,49,False,2,13432.5,13430.3,iron_fly,100.0,0.84,18.920000076293945
2020-12-16 09:40:00+05:30,2020-12-16 14:40:00+05:30,FLY,13650.0,178.29459758172823,146.09626868838623,26.198328893341994,14.693843362995324,TIME,60,False,2,13658.4,13675.4,iron_fly,100.0,1.9333333333333333,19.350000381469727
2020-12-17 09:40:00+05:30,2020-12-17 14:25:00+05:30,FLY,13700.0,132.41474924787136,64.83582600676928,61.578923241102075,46.50458018527116,TP,57,False,2,13708.7,13735.6,iron_fly,100.0,0.9333333333333333,19.200000762939453
2020-12-23 09:40:00+05:30,2020-12-23 14:40:00+05:30,FLY,13500.0,193.6149999485259,168.6695289657597,18.94547098276621,9.78512562962736,TIME,60,False,2,13510.5,13573.8,iron_fly,100.0,1.9333333333333333,21.989999771118164
2020-12-24 09:40:00+05:30,2020-12-24 14:20:00+05:30,FLY,13700.0,140.28407351485131,69.4598275039447,64.82424601090662,46.209269795721994,TP,56,False,2,13704.4,13732.7,iron_fly,100.0,0.9333333333333333,20.5
2020-12-30 09:40:00+05:30,2020-12-30 14:40:00+05:30,FLY,13950.0,190.36120162421503,156.52531158163646,27.83589004257857,14.62266985345489,TIME,60,False,2,13927.3,13953.5,iron_fly,100.0,1.9333333333333333,20.790000915527344
2020-12-31 09:40:00+05:30,2020-12-31 14:10:00+05:30,FLY,14000.0,146.68795661773657,72.07616818857278,68.6117884291638,46.77397518595449,TP,54,False,2,13988.2,13993.3,iron_fly,100.0,0.9333333333333333,21.11000061035156
2021-01-06 09:40:00+05:30,2021-01-06 14:40:00+05:30,FLY,14200.0,190.24668798913058,161.8103331178571,22.436354871273466,11.793295908812524,TIME,60,False,2,14201.7,14138.3,iron_fly,100.0,1.9333333333333333,20.459999084472656
2021-01-07 09:40:00+05:30,2021-01-07 14:10:00+05:30,FLY,14200.0,148.3177499189576,73.03279615822467,69.28495376073292,46.71386519724777,TP,54,False,2,14215.1,14188.8,iron_fly,100.0,0.9333333333333333,21.0
2021-01-13 09:40:00+05:30,2021-01-13 14:40:00+05:30,FLY,14650.0,208.048298509995,193.35751564204918,8.690782867945813,4.177291008956891,TIME,60,False,2,14645.0,14522.5,iron_fly,100.0,1.9333333333333333,22.850000381469727
2021-01-14 09:40:00+05:30,2021-01-14 14:40:00+05:30,FLY,14500.0,163.87629791263214,94.37294035913774,63.503357553494396,38.750788468110336,TIME,60,False,2,14494.2,14579.9,iron_fly,100.0,0.9333333333333333,23.290000915527344
2021-01-20 09:40:00+05:30,2021-01-20 14:40:00+05:30,FLY,14550.0,207.6550971385625,187.79914669611952,13.855950442442975,6.672579018466029,TIME,60,False,2,14557.7,14650.9,iron_fly,100.0,1.9333333333333333,22.899999618530277
2021-01-21 09:40:00+05:30,2021-01-21 14:20:00+05:30,FLY,14750.0,156.42844366120528,76.99780586798752,73.43063779321776,46.94199857428408,TP,56,False,2,14727.4,14716.4,iron_fly,100.0,0.9333333333333333,21.549999237060547
2021-02-03 09:40:00+05:30,2021-02-03 14:40:00+05:30,FLY,14700.0,211.38204530557732,202.2091583893932,3.172886916184126,1.5010200661070097,TIME,60,False,2,14712.8,14842.7,iron_fly,100.0,1.9333333333333333,23.350000381469727
2021-02-04 09:40:00+05:30,2021-02-04 14:40:00+05:30,FLY,14750.0,169.51239602395435,136.92497661361827,26.587419410336082,15.68464609902566,TIME,60,False,2,14771.3,14882.2,iron_fly,100.0,0.9333333333333333,23.75
2021-02-11 09:40:00+05:30,2021-02-11 14:15:00+05:30,FLY,15150.0,173.35704089693786,85.56037321615386,81.796667680784,47.18393164625645,TP,55,False,2,15137.7,15151.6,iron_fly,100.0,0.9333333333333333,23.950000762939453
2021-02-17 09:40:00+05:30,2021-02-17 14:40:00+05:30,FLY,15250.0,206.7542424854057,176.67270167528466,24.081540810121055,11.64742281494945,TIME,60,False,2,15232.5,15199.0,iron_fly,100.0,1.9333333333333333,21.780000686645508
2021-02-18 09:40:00+05:30,2021-02-18 14:40:00+05:30,FLY,15200.0,162.04500859310372,74.71811782412752,81.3268907689762,50.187840696277576,TP,60,False,2,15221.5,15151.6,iron_fly,100.0,0.9333333333333333,21.780000686645508
2021-03-03 09:40:00+05:30,2021-03-03 14:40:00+05:30,FLY,15000.0,214.89908901090848,221.84298338398747,-12.94389437307899,-6.023243017294478,TIME,60,False,2,15005.1,15195.1,iron_fly,100.0,1.9333333333333333,23.61000061035156
2021-03-04 09:40:00+05:30,2021-03-04 14:40:00+05:30,FLY,15000.0,161.7684278074977,131.09275469440925,24.675673113088436,15.253701508709824,TIME,60,False,2,15014.9,15126.8,iron_fly,100.0,0.9333333333333333,22.09000015258789
2021-03-10 09:40:00+05:30,2021-03-10 14:40:00+05:30,FLY,15200.0,210.51414535498589,177.95599350339148,26.558151851594403,12.615851446376636,TIME,60,False,2,15178.8,15185.8,iron_fly,100.0,1.9333333333333333,22.5
2021-03-17 09:40:00+05:30,2021-03-17 14:40:00+05:30,FLY,14900.0,194.68361670548416,178.90146385817843,9.782152847305724,5.024641011320479,TIME,60,False,2,14914.7,14784.4,iron_fly,100.0,1.9333333333333333,20.190000534057617
2021-03-18 09:40:00+05:30,2021-03-18 13:25:00+05:30,FLY,14850.0,148.39108624005559,200.32796642407504,-57.93688018401946,-39.043369552732884,SL,45,False,2,14859.2,14635.9,iron_fly,100.0,0.9333333333333333,20.15999984741211
2021-03-24 09:40:00+05:30,2021-03-24 14:40:00+05:30,FLY,14750.0,196.14698952646017,176.26893727469536,13.878052251764814,7.075332782455307,TIME,60,False,2,14736.0,14648.5,iron_fly,100.0,1.9333333333333333,20.670000076293945
2021-03-31 09:40:00+05:30,2021-03-31 14:40:00+05:30,FLY,14800.0,195.47756977311815,172.74945940806208,16.728110365056068,8.557560023112432,TIME,60,False,2,14783.0,14709.8,iron_fly,100.0,1.9333333333333333,20.489999771118164
2021-04-01 09:40:00+05:30,2021-04-01 14:40:00+05:30,FLY,14750.0,151.69005011297855,103.99410292359349,41.695947189385066,27.48759536853602,TIME,60,False,2,14774.4,14847.2,iron_fly,100.0,0.9333333333333333,20.649999618530277
2021-04-07 09:40:00+05:30,2021-04-07 14:40:00+05:30,FLY,14750.0,197.83448892964861,173.1482536957916,18.68623523385702,9.445388079174597,TIME,60,False,2,14772.3,14827.0,iron_fly,100.0,1.9333333333333333,20.84000015258789
2021-04-08 09:40:00+05:30,2021-04-08 14:10:00+05:30,FLY,14950.0,149.6331142042194,73.74266304056474,69.89045116365466,46.70787715362798,TP,54,False,2,14937.6,14945.4,iron_fly,100.0,0.9333333333333333,20.25
2021-04-15 09:40:00+05:30,2021-04-15 14:20:00+05:30,FLY,14450.0,147.8638519847127,73.47911463848268,68.38473734623003,46.24844843978511,TP,56,False,2,14473.2,14485.5,iron_fly,100.0,0.9333333333333333,20.459999084472656
2021-04-22 09:40:00+05:30,2021-04-22 14:40:00+05:30,FLY,14250.0,156.67297468952694,153.93225984527075,-3.259285155743811,-2.080311018669695,TIME,60,False,2,14247.5,14402.1,iron_fly,100.0,0.9333333333333333,22.43000030517578
2021-04-28 09:40:00+05:30,2021-04-28 14:40:00+05:30,FLY,14750.0,210.09431780954287,195.29775702265806,8.796560786884811,4.186957971352262,TIME,60,False,2,14746.5,14871.5,iron_fly,100.0,1.9333333333333333,23.07999992370605
2021-04-29 09:40:00+05:30,2021-04-29 14:40:00+05:30,FLY,15000.0,164.4142919592988,100.78430431408961,57.629987645209184,35.05168982479677,TIME,60,False,2,15010.0,14909.8,iron_fly,100.0,0.9333333333333333,22.57999992370605
2021-05-05 09:40:00+05:30,2021-05-05 14:40:00+05:30,FLY,14550.0,208.68389422989162,177.90857756945127,24.775316660440353,11.872174779883693,TIME,60,False,2,14572.3,14592.9,iron_fly,100.0,1.9333333333333333,23.01000022888184
2021-05-06 09:40:00+05:30,2021-05-06 14:15:00+05:30,FLY,14700.0,164.56185983166438,79.79452238105787,78.7673374506065,47.86488043534519,TP,55,False,2,14677.4,14694.8,iron_fly,100.0,0.9333333333333333,23.01000022888184
2021-05-12 09:40:00+05:30,2021-05-12 14:40:00+05:30,FLY,14750.0,193.93206813563916,160.32718127218413,27.60488686345502,14.23430747108195,TIME,60,False,2,14769.5,14730.2,iron_fly,100.0,1.9333333333333333,20.229999542236328
2021-05-19 09:40:00+05:30,2021-05-19 14:40:00+05:30,FLY,15100.0,189.8198925653437,159.0375946465336,24.782297918810116,13.055690625406418,TIME,60,False,2,15105.0,15054.7,iron_fly,100.0,1.9333333333333333,19.239999771118164
2021-05-20 09:40:00+05:30,2021-05-20 14:40:00+05:30,FLY,15000.0,144.09859547519278,73.51179965811244,64.58679581708034,44.82125284017723,TIME,60,False,2,15005.5,14942.0,iron_fly,100.0,0.9333333333333333,19.31999969482422
2021-05-26 09:40:00+05:30,2021-05-26 14:40:00+05:30,FLY,15200.0,190.1946718116701,179.06290920129132,5.131762610378786,2.698163182752161,TIME,60,False,2,15215.0,15318.2,iron_fly,100.0,1.9333333333333333,19.1299991607666
2021-05-27 09:40:00+05:30,2021-05-27 14:10:00+05:30,FLY,15300.0,156.3529012289049,77.77569586879909,72.57720536010581,46.41884147314338,TP,54,False,2,15293.5,15302.2,iron_fly,100.0,0.9333333333333333,20.8700008392334
2021-06-02 09:40:00+05:30,2021-06-02 14:40:00+05:30,FLY,15500.0,180.67019271628476,146.9213064617698,27.748886254514957,15.358862376424423,TIME,60,False,2,15520.7,15505.7,iron_fly,100.0,1.9333333333333333,17.389999389648438
2021-06-03 09:40:00+05:30,2021-06-03 14:10:00+05:30,FLY,15650.0,135.60952223496244,67.63018072009837,61.979341514864075,45.70426950363869,TP,54,False,2,15666.1,15669.7,iron_fly,100.0,0.9333333333333333,17.209999084472656
2021-06-09 09:40:00+05:30,2021-06-09 14:40:00+05:30,FLY,15750.0,165.76149178818787,185.50885508509623,-25.74736329690836,-15.532777256739863,TIME,60,False,2,15770.2,15578.8,iron_fly,100.0,1.9333333333333333,15.229999542236328
2021-06-10 09:40:00+05:30,2021-06-10 14:25:00+05:30,FLY,15700.0,117.15074582439249,58.181149925181124,52.96959589921136,45.214902838614556,TP,57,False,2,15699.7,15734.0,iron_fly,100.0,0.9333333333333333,14.75
2021-06-16 09:40:00+05:30,2021-06-16 14:40:00+05:30,FLY,15850.0,160.28859834273908,130.74542800898777,23.543170333751306,14.687988152101642,TIME,60,False,2,15851.1,15810.6,iron_fly,100.0,1.9333333333333333,14.609999656677246
2021-06-17 09:40:00+05:30,2021-06-17 14:40:00+05:30,FLY,15700.0,119.17260675240776,61.18018132399302,51.99242542841474,43.62783264146757,TIME,60,False,2,15717.2,15649.9,iron_fly,100.0,0.9333333333333333,14.869999885559082
2021-06-23 09:40:00+05:30,2021-06-23 14:40:00+05:30,FLY,15800.0,161.32972147514533,147.769295862602,7.560425612543327,4.686319137858361,TIME,60,False,2,15809.2,15701.1,iron_fly,100.0,1.9333333333333333,14.739999771118164
2021-06-24 09:40:00+05:30,2021-06-24 14:20:00+05:30,FLY,15750.0,122.38609554926296,56.54732216973061,59.83877337953234,48.89344096727555,TP,56,False,2,15756.3,15765.0,iron_fly,100.0,0.9333333333333333,15.369999885559082
2021-06-30 09:40:00+05:30,2021-06-30 14:40:00+05:30,FLY,15800.0,145.3613383405222,122.56582133422796,16.795517006294233,11.554321938718811,TIME,60,False,2,15781.2,15739.2,iron_fly,100.0,1.9333333333333333,13.0
2021-07-01 09:40:00+05:30,2021-07-01 14:40:00+05:30,FLY,15750.0,104.46587520549161,60.234885740327535,38.23098946516408,36.59662965534063,TIME,60,False,2,15741.1,15696.3,iron_fly,100.0,0.9333333333333333,13.050000190734863
2021-07-07 09:40:00+05:30,2021-07-07 14:40:00+05:30,FLY,15850.0,138.95825132580728,108.76893985417419,24.18931147163309,17.407610732606173,TIME,60,False,2,15827.8,15841.5,iron_fly,100.0,1.9333333333333333,12.279999732971191
2021-07-08 09:40:00+05:30,2021-07-08 12:50:00+05:30,FLY,15900.0,100.05388317225477,135.07274228254394,-41.01885911028917,-40.9967687507643,SL,38,False,2,15875.3,15757.6,iron_fly,100.0,0.9333333333333333,12.210000038146973
2021-07-14 09:40:00+05:30,2021-07-14 14:40:00+05:30,FLY,15800.0,141.60610530232003,122.99020653136897,12.615898770951063,8.909148898641709,TIME,60,False,2,15785.0,15861.3,iron_fly,100.0,1.9333333333333333,12.619999885559082
2021-07-15 09:40:00+05:30,2021-07-15 14:40:00+05:30,FLY,15900.0,101.77943624602625,51.1541812958525,44.62525495017375,43.84506005938507,TIME,60,False,2,15892.2,15939.7,iron_fly,100.0,0.9333333333333333,12.59000015258789
2021-07-22 09:40:00+05:30,2021-07-22 14:30:00+05:30,FLY,15750.0,106.74167458209412,51.275397195862205,49.466277386231916,46.34204735863294,TP,58,False,2,15765.2,15781.8,iron_fly,100.0,0.9333333333333333,13.210000038146973
2021-07-29 09:40:00+05:30,2021-07-29 14:35:00+05:30,FLY,15750.0,109.37095713813359,54.07327615352724,49.29768098460635,45.07383154958062,TP,59,False,2,15747.4,15788.2,iron_fly,100.0,0.9333333333333333,13.6899995803833
2021-08-04 09:40:00+05:30,2021-08-04 14:40:00+05:30,FLY,16250.0,155.53166872575525,124.18041706893112,25.351251656824132,16.29973616596714,TIME,60,False,2,16245.0,16255.8,iron_fly,100.0,1.9333333333333333,13.75
2021-08-05 09:40:00+05:30,2021-08-05 14:40:00+05:30,FLY,16250.0,108.95056897600293,73.56661458393106,29.38395439207187,26.9699870943711,TIME,60,False,2,16250.8,16318.7,iron_fly,100.0,0.9333333333333333,13.210000038146973
2021-08-11 09:40:00+05:30,2021-08-11 14:40:00+05:30,FLY,16250.0,146.8930485285773,115.07093007842607,25.822118450151237,17.578856663954166,TIME,60,False,2,16267.7,16245.4,iron_fly,100.0,1.9333333333333333,12.710000038146973
2021-08-12 09:40:00+05:30,2021-08-12 14:40:00+05:30,FLY,16300.0,105.31322870923807,58.945678080970445,40.36755062826763,38.33094011362942,TIME,60,False,2,16302.1,16350.4,iron_fly,100.0,0.9333333333333333,12.710000038146973
2021-08-18 09:40:00+05:30,2021-08-18 14:40:00+05:30,FLY,16650.0,156.559567605614,147.65355972796004,2.9060078776539626,1.8561675419124992,TIME,60,False,2,16670.4,16541.9,iron_fly,100.0,1.9333333333333333,13.40999984741211
2021-08-25 09:40:00+05:30,2021-08-25 14:40:00+05:30,FLY,16650.0,154.35104624225124,122.40251385892768,25.948532383323567,16.811374470761802,TIME,60,False,2,16668.4,16630.2,iron_fly,100.0,1.9333333333333333,13.1899995803833
2021-08-26 09:40:00+05:30,2021-08-26 14:05:00+05:30,FLY,16650.0,114.38719255752181,56.4026378582761,51.98455469924571,45.44613215601412,TP,53,False,2,16660.7,16646.6,iron_fly,100.0,0.9333333333333333,13.5
2021-09-01 09:40:00+05:30,2021-09-01 14:40:00+05:30,FLY,17200.0,169.30732887744125,151.18861270487784,12.11871617256341,7.157821373070003,TIME,60,False,2,17185.9,17109.5,iron_fly,100.0,1.9333333333333333,14.520000457763672
2021-09-02 09:40:00+05:30,2021-09-02 14:40:00+05:30,FLY,17100.0,123.0692791384096,136.6966774255515,-19.627398287141915,-15.948251606372052,TIME,60,False,2,17113.5,17235.8,iron_fly,100.0,0.9333333333333333,14.1899995803833
2021-09-08 09:40:00+05:30,2021-09-08 14:40:00+05:30,FLY,17350.0,174.38451200897146,142.24622245519566,26.13828955377579,14.988882471644654,TIME,60,False,2,17367.7,17321.2,iron_fly,100.0,1.9333333333333333,14.899999618530272
2021-09-09 09:40:00+05:30,2021-09-09 14:30:00+05:30,FLY,17300.0,127.1375472722639,60.81926468882502,60.31828258343887,47.44332722910551,TP,58,False,2,17323.0,17336.7,iron_fly,100.0,0.9333333333333333,14.40999984741211
2021-09-15 09:40:00+05:30,2021-09-15 14:40:00+05:30,FLY,17400.0,163.06382123011645,163.52397011629006,-6.460148886173613,-3.961730344253996,TIME,60,False,2,17416.9,17522.9,iron_fly,100.0,1.9333333333333333,13.579999923706056
2021-09-16 09:40:00+05:30,2021-09-16 14:40:00+05:30,FLY,17550.0,121.93868423719849,84.95488657193474,30.98379766526375,25.409325891193983,TIME,60,False,2,17559.4,17630.0,iron_fly,100.0,0.9333333333333333,13.729999542236328
2021-09-22 09:40:00+05:30,2021-09-22 14:40:00+05:30,FLY,17550.0,188.2956976847713,156.87054251121924,25.42515517355207,13.50278072530192,TIME,60,False,2,17557.8,17573.3,iron_fly,100.0,1.9333333333333333,16.520000457763672
2021-09-23 09:40:00+05:30,2021-09-23 14:40:00+05:30,FLY,17700.0,144.73410677460726,117.55008416775891,21.184022606848345,14.636510411355891,TIME,60,False,2,17682.8,17813.9,iron_fly,100.0,0.9333333333333333,16.489999771118164
2021-09-29 09:40:00+05:30,2021-09-29 14:40:00+05:30,FLY,17650.0,203.19764695480762,190.3236231014542,6.874023853353435,3.3829249286938143,TIME,60,False,2,17637.6,17770.4,iron_fly,100.0,1.9333333333333333,18.540000915527344
2021-09-30 09:40:00+05:30,2021-09-30 14:40:00+05:30,FLY,17700.0,161.77522240198675,82.1689912329106,73.60623116907615,45.499075863531125,TIME,60,False,2,17709.6,17637.5,iron_fly,100.0,0.9333333333333333,18.84000015258789
2021-10-06 09:40:00+05:30,2021-10-06 14:40:00+05:30,FLY,17850.0,189.13154260429474,198.54782374083322,-15.416281136538487,-8.151089408070222,TIME,60,False,2,17846.7,17673.6,iron_fly,100.0,1.9333333333333333,16.399999618530273
2021-10-07 09:40:00+05:30,2021-10-07 14:25:00+05:30,FLY,17800.0,152.25381235321026,72.75273178500393,73.50108056820633,48.27536298249977,TP,57,False,2,17817.9,17832.1,iron_fly,100.0,0.9333333333333333,17.329999923706055
2021-10-13 09:40:00+05:30,2021-10-13 14:40:00+05:30,FLY,18100.0,186.42532494356192,164.27969011010128,16.145634833460633,8.660644597695368,TIME,60,False,2,18089.35,18175.2,iron_fly,100.0,1.9333333333333333,15.850000381469728
2021-10-14 09:40:00+05:30,2021-10-14 14:40:00+05:30,FLY,18250.0,145.64562534312842,74.5850439835639,65.06058135956451,44.67046724286256,TIME,60,False,2,18261.35,18307.5,iron_fly,100.0,0.9333333333333333,16.100000381469727
2021-10-20 09:40:00+05:30,2021-10-20 14:40:00+05:30,FLY,18400.0,199.8380372686804,203.2204304792214,-9.382393210540982,-4.694998679318712,TIME,60,False,2,18395.35,18225.95,iron_fly,100.0,1.9333333333333333,17.3799991607666
2021-10-21 09:45:00+05:30,2021-10-21 13:40:00+05:30,FLY,18300.0,161.07692306661772,217.45384613993394,-62.37692307331622,-38.7249283670005,SL,47,False,2,18294.85,18089.3,iron_fly,100.0,0.92,18.309999465942383
2021-10-27 09:40:00+05:30,2021-10-27 14:40:00+05:30,FLY,18300.0,194.62195949167653,170.14595035222476,18.476009139451776,9.493280813587711,TIME,60,False,2,18293.05,18221.55,iron_fly,100.0,1.9333333333333333,16.75
2021-11-03 09:40:00+05:30,2021-11-03 14:40:00+05:30,FLY,17950.0,195.407641060556,187.11986482549338,2.2877762350626085,1.1707711237113991,TIME,60,False,2,17970.65,17810.85,iron_fly,100.0,1.9333333333333333,17.059999465942383
2021-11-10 09:40:00+05:30,2021-11-10 14:40:00+05:30,FLY,17950.0,186.72158866127393,160.71633369519526,20.005254966078667,10.713948563478432,TIME,60,False,2,17932.8,18008.5,iron_fly,100.0,1.9333333333333333,16.0
2021-11-11 09:40:00+05:30,2021-11-11 14:40:00+05:30,FLY,17950.0,145.54279130922532,116.22539623703031,23.317395072195012,16.020989334094917,TIME,60,False,2,17925.05,17836.3,iron_fly,100.0,0.9333333333333333,16.309999465942383
2021-11-17 09:40:00+05:30,2021-11-17 14:40:00+05:30,FLY,17950.0,181.3071529819706,148.29329386961854,27.013859112352065,14.899499919365208,TIME,60,False,2,17974.6,17961.35,iron_fly,100.0,1.9333333333333333,15.199999809265137
2021-11-18 09:40:00+05:30,2021-11-18 14:40:00+05:30,FLY,17850.0,133.7923918327807,78.4066324033005,49.3857594294802,36.912233014867226,TIME,60,False,2,17853.95,17780.2,iron_fly,100.0,0.9333333333333333,14.979999542236328
2021-11-24 09:40:00+05:30,2021-11-24 14:40:00+05:30,FLY,17550.0,199.1875109290404,173.44926589828538,19.738245030755024,9.90937882535551,TIME,60,False,2,17557.9,17474.8,iron_fly,100.0,1.9333333333333333,18.020000457763672
2021-11-25 09:40:00+05:30,2021-11-25 14:40:00+05:30,FLY,17400.0,147.91238932599862,144.51823863681884,-2.6058493108202185,-1.7617518875156102,TIME,60,False,2,17419.45,17542.75,iron_fly,100.0,0.9333333333333333,17.100000381469727
2021-12-01 09:40:00+05:30,2021-12-01 14:40:00+05:30,FLY,17100.0,216.48486354304578,187.20515824847575,23.27970529457002,10.753502537576301,TIME,60,False,2,17123.55,17144.8,iron_fly,100.0,1.9333333333333333,21.170000076293945
2021-12-02 09:40:00+05:30,2021-12-02 14:40:00+05:30,FLY,17250.0,162.81315741023639,116.33280115768085,40.48035625255554,24.863074272651172,TIME,60,False,2,17262.85,17359.2,iron_fly,100.0,0.9333333333333333,19.450000762939453
2021-12-08 10:15:00+05:30,2021-12-08 14:40:00+05:30,FLY,17400.0,198.3834489797523,174.08850019943281,18.294948780319487,9.222013668179915,TIME,53,False,2,17378.65,17458.25,iron_fly,100.0,1.8399999999999999,18.459999084472656
2021-12-09 09:40:00+05:30,2021-12-09 14:15:00+05:30,FLY,17450.0,149.75854278489436,73.60043265292407,70.15811013197029,46.84748450894175,TP,55,False,2,17472.4,17472.95,iron_fly,100.0,0.9333333333333333,17.270000457763672
2021-12-15 11:25:00+05:30,2021-12-15 14:40:00+05:30,FLY,17250.0,180.6140949749647,161.59572506490957,13.018369910055128,7.207837191144817,TIME,39,False,2,17266.65,17301.05,iron_fly,100.0,1.6533333333333333,16.950000762939453
2021-12-16 09:40:00+05:30,2021-12-16 14:40:00+05:30,FLY,17300.0,147.11157955320027,111.53354233622886,29.57803721697141,20.105852514672403,TIME,60,False,2,17300.2,17192.0,iron_fly,100.0,0.9333333333333333,17.219999313354492
2021-12-22 09:40:00+05:30,2021-12-22 14:40:00+05:30,FLY,16900.0,191.2447498673523,158.6375290000243,26.60722086732801,13.912654274578948,TIME,60,False,2,16891.1,16900.15,iron_fly,100.0,1.9333333333333333,17.540000915527344
2021-12-23 09:40:00+05:30,2021-12-23 14:20:00+05:30,FLY,17100.0,140.9476594054255,69.38163335852587,65.56602604689962,46.5179956329064,TP,56,False,2,17090.6,17067.45,iron_fly,100.0,0.9333333333333333,16.579999923706055
2021-12-29 09:40:00+05:30,2021-12-29 14:40:00+05:30,FLY,17250.0,186.1831164042958,153.15197366960763,27.03114273468816,14.518578943533289,TIME,60,False,2,17263.5,17246.4,iron_fly,100.0,1.9333333333333333,16.479999542236328
2021-12-30 09:40:00+05:30,2021-12-30 14:15:00+05:30,FLY,17200.0,140.04984949877763,69.04262722180502,65.00722227697261,46.417202524405425,TP,55,False,2,17218.25,17224.85,iron_fly,100.0,0.9333333333333333,16.239999771118164
2022-01-05 09:40:00+05:30,2022-01-05 14:40:00+05:30,FLY,17800.0,186.62950787431146,180.32798909644626,0.30151877786519776,0.16156007766374236,TIME,60,False,2,17796.5,17926.3,iron_fly,100.0,1.9333333333333333,16.1200008392334
2022-01-06 09:40:00+05:30,2022-01-06 14:15:00+05:30,FLY,17750.0,150.93682963369662,73.55076829667397,71.38606133702265,47.29532315622835,TP,55,False,2,17726.75,17730.55,iron_fly,100.0,0.9333333333333333,17.229999542236328
2022-01-12 09:40:00+05:30,2022-01-12 14:40:00+05:30,FLY,18150.0,201.63817272182337,173.1511159538669,22.48705676795646,11.152182379166481,TIME,60,False,2,18171.6,18200.6,iron_fly,100.0,1.9333333333333333,17.760000228881836
2022-01-13 09:40:00+05:30,2022-01-13 14:15:00+05:30,FLY,18250.0,153.98513700436354,76.69243562063676,71.29270138372678,46.29843033597881,TP,55,False,2,18264.2,18223.25,iron_fly,100.0,0.9333333333333333,17.18000030517578
2022-01-19 09:55:00+05:30,2022-01-19 14:40:00+05:30,FLY,18050.0,199.35466352663116,179.3586508741538,13.996012652477361,7.020659765307009,TIME,57,False,2,18048.45,17953.75,iron_fly,100.0,1.8933333333333333,17.780000686645508
2022-01-20 09:40:00+05:30,2022-01-20 13:55:00+05:30,FLY,17900.0,156.04394169237014,210.6593212846997,-60.61537959232956,-38.84507077617188,SL,51,False,2,17910.45,17686.4,iron_fly,100.0,0.9333333333333333,17.81999969482422
2022-01-27 09:50:00+05:30,2022-01-27 14:40:00+05:30,FLY,17000.0,171.51728007170993,173.75255330170833,-8.235273229998398,-4.801424804868232,TIME,58,False,2,17016.0,17171.85,iron_fly,100.0,0.9066666666666666,21.36000061035156
2022-02-02 09:40:00+05:30,2022-02-02 14:40:00+05:30,FLY,17750.0,213.08892763824952,182.5985507773455,24.490376860904007,11.493031164190803,TIME,60,False,2,17729.25,17773.45,iron_fly,100.0,1.9333333333333333,19.979999542236328
2022-02-03 09:40:00+05:30,2022-02-03 14:40:00+05:30,FLY,17700.0,160.6497734485987,97.25334107403197,57.39643237456673,35.7276771342172,TIME,60,False,2,17713.55,17613.35,iron_fly,100.0,0.9333333333333333,18.649999618530277
2022-02-09 09:40:00+05:30,2022-02-09 14:40:00+05:30,FLY,17400.0,208.95303743323575,182.10754535356398,20.84549207967177,9.976161311525457,TIME,60,False,2,17392.2,17459.95,iron_fly,100.0,1.9333333333333333,19.68000030517578
2022-02-10 09:45:00+05:30,2022-02-10 14:40:00+05:30,FLY,17450.0,157.1858954204132,167.3115106384059,-16.125615217992703,-10.2589454192838,TIME,59,False,2,17460.45,17615.9,iron_fly,100.0,0.92,18.559999465942383
2022-02-16 09:40:00+05:30,2022-02-16 14:40:00+05:30,FLY,17350.0,214.45531423211128,183.7112127694495,24.744101462661774,11.538115318457676,TIME,60,False,2,17360.7,17371.85,iron_fly,100.0,1.9333333333333333,20.61000061035156
2022-02-17 09:40:00+05:30,2022-02-17 14:30:00+05:30,FLY,17300.0,170.53552829277737,84.38837133905636,80.14715695372101,46.99733701010586,TP,58,False,2,17311.1,17346.4,iron_fly,100.0,0.9333333333333333,20.59000015258789
2022-03-30 09:40:00+05:30,2022-03-30 14:40:00+05:30,FLY,17450.0,218.86978999654139,188.55292581711683,24.316864179424556,11.110196697227522,TIME,60,False,2,17437.1,17469.4,iron_fly,100.0,1.9333333333333333,21.299999237060547
2022-03-31 09:40:00+05:30,2022-03-31 14:40:00+05:30,FLY,17550.0,172.19514588565028,115.4870460460958,50.70809983955448,29.448042555873343,TIME,60,False,2,17543.45,17443.2,iron_fly,100.0,0.9333333333333333,20.61000061035156
2022-04-06 09:40:00+05:30,2022-04-06 14:40:00+05:30,FLY,17850.0,204.1914019433293,173.63532126884195,24.55608067448736,12.026011105650072,TIME,60,False,2,17853.55,17812.4,iron_fly,100.0,1.9333333333333333,18.489999771118164
2022-04-07 09:40:00+05:30,2022-04-07 14:25:00+05:30,FLY,17700.0,163.65990412737904,77.84000023328682,79.81990389409222,48.77181391476751,TP,57,False,2,17721.1,17668.45,iron_fly,100.0,0.9333333333333333,19.020000457763672
2022-04-13 09:40:00+05:30,2022-04-13 14:40:00+05:30,FLY,17650.0,200.7983601805331,189.78270148739182,5.01565869314129,2.4978583931820104,TIME,60,False,2,17626.8,17515.8,iron_fly,100.0,1.9333333333333333,18.15999984741211
2022-04-20 09:40:00+05:30,2022-04-20 14:40:00+05:30,FLY,17100.0,207.6550897087709,177.50192175834934,24.15316795042156,11.631387405093488,TIME,60,False,2,17103.05,17134.3,iron_fly,100.0,1.9333333333333333,19.770000457763672
2022-04-21 09:40:00+05:30,2022-04-21 14:40:00+05:30,FLY,17250.0,157.1046095987606,147.85780932477783,3.246800273982757,2.066648637665671,TIME,60,False,2,17250.65,17395.5,iron_fly,100.0,0.9333333333333333,18.670000076293945
2022-04-27 09:40:00+05:30,2022-04-27 14:40:00+05:30,FLY,17050.0,204.08788278129032,172.96289754378358,25.124985237506735,12.310865738379867,TIME,60,False,2,17069.4,17080.15,iron_fly,100.0,1.9333333333333333,19.190000534057617
2022-04-28 10:05:00+05:30,2022-04-28 14:40:00+05:30,FLY,17100.0,164.64092740813248,206.51339958531815,-47.87247217718567,-29.076896571721445,TIME,55,False,2,17114.45,17306.25,iron_fly,100.0,0.8666666666666667,20.61000061035156
2022-05-04 09:40:00+05:30,2022-05-04 14:40:00+05:30,FLY,17050.0,210.5623758864515,284.2592074467095,-79.69683156025803,-37.84951192003817,SL,60,False,2,17059.15,16663.1,iron_fly,100.0,1.9333333333333333,20.280000686645508
2022-05-05 09:40:00+05:30,2022-05-05 14:40:00+05:30,FLY,16850.0,175.02902796535273,151.47475748298993,17.554270482362796,10.029348095241488,TIME,60,False,2,16836.2,16701.25,iron_fly,100.0,0.9333333333333333,21.8799991607666
2022-05-11 09:40:00+05:30,2022-05-11 14:40:00+05:30,FLY,16200.0,216.7208067449278,185.13668108530567,25.584125659622146,11.80510816837891,TIME,60,False,2,16217.95,16215.35,iron_fly,100.0,1.9333333333333333,22.299999237060547
2022-05-18 09:40:00+05:30,2022-05-18 14:40:00+05:30,FLY,16400.0,220.11255581419755,204.09539250489445,10.0171633093031,4.550927716163014,TIME,60,False,2,16385.55,16270.3,iron_fly,100.0,1.9333333333333333,22.739999771118164
2022-05-19 09:40:00+05:30,2022-05-19 14:40:00+05:30,FLY,15900.0,170.7010422000891,120.23897975941091,44.46206244067818,26.04674339864984,TIME,60,False,2,15919.4,15786.5,iron_fly,100.0,0.9333333333333333,22.299999237060547
2022-06-01 09:40:00+05:30,2022-06-01 14:40:00+05:30,FLY,16550.0,208.8736252186468,187.42170379861233,15.451921420034466,7.397736982761491,TIME,60,False,2,16572.45,16447.8,iron_fly,100.0,1.9333333333333333,20.479999542236328
2022-06-02 09:40:00+05:30,2022-06-02 14:40:00+05:30,FLY,16500.0,165.94706096410573,124.97091489415894,34.97614606994679,21.076689075868668,TIME,60,False,2,16487.95,16618.8,iron_fly,100.0,0.9333333333333333,20.850000381469727
2022-06-08 10:30:00+05:30,2022-06-08 14:40:00+05:30,FLY,16400.0,203.08141600905674,179.7395761825353,17.341839826521436,8.539353411711513,TIME,50,False,2,16409.7,16331.35,iron_fly,100.0,1.8,20.43000030517578
2022-06-09 09:40:00+05:30,2022-06-09 14:40:00+05:30,FLY,16350.0,158.5783396816339,107.21428634179657,45.36405333983734,28.60671478268181,TIME,60,False,2,16330.1,16449.1,iron_fly,100.0,0.9333333333333333,19.84000015258789
2022-06-15 09:40:00+05:30,2022-06-15 14:40:00+05:30,FLY,15700.0,210.6431248349038,180.16277349425798,24.480351340645825,11.621718657958972,TIME,60,False,2,15686.65,15735.6,iron_fly,100.0,1.9333333333333333,21.88999938964844
2022-06-16 09:40:00+05:30,2022-06-16 12:05:00+05:30,FLY,15800.0,168.29957177430538,227.20442189531227,-64.90485012100689,-38.56507145962687,SL,29,False,2,15793.4,15542.55,iron_fly,100.0,0.9333333333333333,22.149999618530277
2022-06-22 10:30:00+05:30,2022-06-22 14:40:00+05:30,FLY,15500.0,200.82521592453077,176.76738340039094,18.057832524139826,8.99181531612339,TIME,50,False,2,15509.95,15434.95,iron_fly,100.0,1.8,21.13999938964844
2022-06-23 12:00:00+05:30,2022-06-23 14:40:00+05:30,FLY,15500.0,129.26109335046388,97.25766495523604,26.003428395227843,20.11698007591897,TIME,32,False,2,15510.95,15585.25,iron_fly,100.0,0.56,21.299999237060547
2022-06-29 09:40:00+05:30,2022-06-29 14:40:00+05:30,FLY,15750.0,208.44506748045615,183.83625345432006,18.608814026136088,8.927442731587234,TIME,60,False,2,15741.95,15826.9,iron_fly,100.0,1.9333333333333333,21.450000762939453
2022-06-30 10:10:00+05:30,2022-06-30 14:20:00+05:30,FLY,15850.0,161.60296188374832,79.1938591944594,76.40910268928891,47.281993967570365,TP,50,False,2,15836.1,15842.8,iron_fly,100.0,0.8533333333333334,21.899999618530277
2022-07-06 09:40:00+05:30,2022-07-06 14:40:00+05:30,FLY,15800.0,205.29544530413705,190.8176657784993,8.477779525637743,4.129550713157932,TIME,60,False,2,15816.85,15919.1,iron_fly,100.0,1.9333333333333333,20.790000915527344
2022-07-07 09:40:00+05:30,2022-07-07 14:20:00+05:30,FLY,16100.0,159.21277263779416,74.4237217237891,78.78905091400506,49.48663955074041,TP,56,False,2,16085.0,16093.75,iron_fly,100.0,0.9333333333333333,20.270000457763672
2022-07-13 09:40:00+05:30,2022-07-13 14:40:00+05:30,FLY,16100.0,193.52034041013349,175.95486864654848,11.565471763585009,5.97635976614859,TIME,60,False,2,16123.9,15990.15,iron_fly,100.0,1.9333333333333333,18.549999237060547
2022-07-14 09:40:00+05:30,2022-07-14 14:40:00+05:30,FLY,16050.0,147.27714514731417,145.78133438208434,-4.504189234770166,-3.0583083548128562,TIME,60,False,2,16033.3,15904.7,iron_fly,100.0,0.9333333333333333,18.520000457763672
2022-07-20 09:40:00+05:30,2022-07-20 14:40:00+05:30,FLY,16550.0,186.29702395725462,154.51452312370594,25.78250083354868,13.839459313888133,TIME,60,False,2,16538.8,16519.75,iron_fly,100.0,1.9333333333333333,17.200000762939453
2022-07-21 09:40:00+05:30,2022-07-21 14:10:00+05:30,FLY,16550.0,138.98927953574986,68.3898157231246,64.59946381262526,46.478019044633896,TP,54,False,2,16533.7,16560.55,iron_fly,100.0,0.9333333333333333,16.81999969482422
2022-07-27 09:40:00+05:30,2022-07-27 14:40:00+05:30,FLY,16450.0,192.67419733491965,193.7625064215169,-7.088309086597235,-3.678909363393296,TIME,60,False,2,16454.1,16601.9,iron_fly,100.0,1.9333333333333333,18.170000076293945
2022-07-28 09:40:00+05:30,2022-07-28 14:40:00+05:30,FLY,16750.0,149.90262495317222,135.64486863657103,8.257756316601188,5.508746974364733,TIME,60,False,2,16758.95,16883.15,iron_fly,100.0,0.9333333333333333,18.1299991607666
2022-08-03 09:40:00+05:30,2022-08-03 14:40:00+05:30,FLY,17250.0,201.25960202898477,178.47653049557334,16.78307153341143,8.339016555838356,TIME,60,False,2,17273.4,17333.65,iron_fly,100.0,1.9333333333333333,18.530000686645508
2022-08-04 09:40:00+05:30,2022-08-04 11:40:00+05:30,FLY,17450.0,157.50897446511203,212.63711552790124,-61.12814106278921,-38.809306752440946,SL,24,False,2,17464.05,17233.1,iron_fly,100.0,0.9333333333333333,18.450000762939453
2022-08-10 09:40:00+05:30,2022-08-10 14:40:00+05:30,FLY,17500.0,207.34516907560783,176.6490754181135,24.696093657494316,11.91061926718387,TIME,60,False,2,17507.8,17527.1,iron_fly,100.0,1.9333333333333333,19.299999237060547
2022-08-11 09:40:00+05:30,2022-08-11 14:25:00+05:30,FLY,17700.0,166.61667619830826,80.48350190107195,80.13317429723631,48.09433012687234,TP,57,False,2,17691.75,17666.35,iron_fly,100.0,0.9333333333333333,19.59000015258789
2022-08-17 09:40:00+05:30,2022-08-17 14:40:00+05:30,FLY,17900.0,198.85995551751557,169.3932580172493,23.466697500266264,11.800614879549904,TIME,60,False,2,17891.4,17938.7,iron_fly,100.0,1.9333333333333333,17.68000030517578
2022-08-18 09:40:00+05:30,2022-08-18 14:15:00+05:30,FLY,17900.0,155.72333736849845,75.35455165084878,74.36878571764967,47.75699453554986,TP,55,False,2,17921.1,17912.25,iron_fly,100.0,0.9333333333333333,17.68000030517578
2022-08-24 09:40:00+05:30,2022-08-24 14:40:00+05:30,FLY,17500.0,206.07308743987915,179.558091759533,20.514995680346146,9.955203726605639,TIME,60,False,2,17519.0,17564.5,iron_fly,100.0,1.9333333333333333,19.049999237060547
2022-08-25 09:40:00+05:30,2022-08-25 14:15:00+05:30,FLY,17700.0,158.73162261044843,77.8753056401496,74.85631697029882,47.15904476955271,TP,55,False,2,17703.7,17683.35,iron_fly,100.0,0.9333333333333333,18.43000030517578
2022-09-07 09:40:00+05:30,2022-09-07 14:40:00+05:30,FLY,17600.0,209.33682797607844,177.87056420093472,25.466263775143716,12.165209543565753,TIME,60,False,2,17579.15,17609.75,iron_fly,100.0,1.9333333333333333,19.520000457763672
2022-09-08 09:40:00+05:30,2022-09-08 14:15:00+05:30,FLY,17750.0,166.3951309516034,81.04233221545692,79.35279873614647,47.68937545367629,TP,55,False,2,17771.55,17748.7,iron_fly,100.0,0.9333333333333333,19.3700008392334
2022-09-15 09:40:00+05:30,2022-09-15 14:40:00+05:30,FLY,18050.0,160.3211133157714,110.29754907527868,44.02356424049273,27.459617345460362,TIME,60,False,2,18031.9,17946.25,iron_fly,100.0,0.9333333333333333,18.280000686645508
2022-09-21 09:40:00+05:30,2022-09-21 14:40:00+05:30,FLY,17800.0,205.86810125345983,176.60127047737694,23.266830776082884,11.301814430899777,TIME,60,False,2,17786.55,17750.0,iron_fly,100.0,1.9333333333333333,18.799999237060547
2022-09-22 09:40:00+05:30,2022-09-22 14:30:00+05:30,FLY,17650.0,164.70708630163392,77.85340806257719,80.85367823905673,49.08937438853513,TP,58,False,2,17658.3,17685.95,iron_fly,100.0,0.9333333333333333,19.32999992370605
2022-09-28 09:40:00+05:30,2022-09-28 14:40:00+05:30,FLY,16900.0,216.9560219567502,185.65488865602106,25.301133300729134,11.661871872712005,TIME,60,False,2,16899.15,16894.25,iron_fly,100.0,1.9333333333333333,21.56999969482422
2022-09-29 09:40:00+05:30,2022-09-29 14:40:00+05:30,FLY,17000.0,177.42987290758276,130.74829055262757,40.6815823549552,22.9282598743363,TIME,60,False,2,17003.8,16875.65,iron_fly,100.0,0.9333333333333333,22.100000381469727
2022-10-06 09:40:00+05:30,2022-10-06 14:15:00+05:30,FLY,17350.0,164.16815303252588,80.11617062182304,78.05198241070283,47.543924305001326,TP,55,False,2,17358.8,17353.4,iron_fly,100.0,0.9333333333333333,19.56999969482422
2022-10-12 09:40:00+05:30,2022-10-12 14:40:00+05:30,FLY,17050.0,211.95962082175038,186.05966357194563,19.899957249804743,9.388560506314462,TIME,60,False,2,17064.95,17119.2,iron_fly,100.0,1.9333333333333333,20.489999771118164
2022-10-13 09:40:00+05:30,2022-10-13 14:20:00+05:30,FLY,17050.0,166.11786054283186,78.77000709145378,81.34785345137809,48.96996216153611,TP,56,False,2,17062.45,17038.7,iron_fly,100.0,0.9333333333333333,20.18000030517578
2022-10-19 09:40:00+05:30,2022-10-19 14:40:00+05:30,FLY,17550.0,195.73441177765994,163.23050952257984,26.503902255080106,13.540747390492895,TIME,60,False,2,17572.3,17524.85,iron_fly,100.0,1.9333333333333333,17.450000762939453
2022-10-20 09:40:00+05:30,2022-10-20 14:40:00+05:30,FLY,17450.0,150.20492603059597,91.14920495280867,53.0557210777873,35.32222443022949,TIME,60,False,2,17438.65,17530.45,iron_fly,100.0,0.9333333333333333,17.489999771118164
2022-10-27 09:40:00+05:30,2022-10-27 14:40:00+05:30,FLY,17800.0,148.76912751508996,142.90445261553393,-0.13532510044396417,-0.09096316063978924,TIME,60,False,2,17775.65,17657.75,iron_fly,100.0,0.9333333333333333,16.8799991607666
2022-11-02 09:40:00+05:30,2022-11-02 14:40:00+05:30,FLY,18150.0,188.94710272071052,165.2884437382255,17.658658982485008,9.345821517351819,TIME,60,False,2,18140.95,18069.75,iron_fly,100.0,1.9333333333333333,16.1299991607666
2022-11-03 11:45:00+05:30,2022-11-03 14:40:00+05:30,FLY,18050.0,121.76534308164631,59.210884296961375,56.55445878468493,46.44544773857693,TP,35,False,2,18048.8,18033.45,iron_fly,100.0,0.6,16.65999984741211
2022-11-09 09:40:00+05:30,2022-11-09 14:40:00+05:30,FLY,18250.0,185.36505307445373,168.79262030568844,10.572432768765282,5.703573890229869,TIME,60,False,2,18233.0,18144.8,iron_fly,100.0,1.9333333333333333,15.59000015258789
2022-11-10 09:40:00+05:30,2022-11-10 14:40:00+05:30,FLY,18050.0,143.065590734362,74.17561369403066,62.88997704033133,43.95884203707845,TIME,60,False,2,18027.15,17990.25,iron_fly,100.0,0.9333333333333333,15.920000076293944
2022-11-16 09:40:00+05:30,2022-11-16 14:40:00+05:30,FLY,18350.0,178.62614753289017,146.34687461667227,26.279272916217906,14.711884726383154,TIME,60,False,2,18365.55,18362.15,iron_fly,100.0,1.9333333333333333,14.640000343322754
2022-11-17 09:40:00+05:30,2022-11-17 14:25:00+05:30,FLY,18350.0,139.56719232509755,67.0093246034252,66.55786772167235,47.68876310604382,TP,57,False,2,18374.35,18383.85,iron_fly,100.0,0.9333333333333333,15.100000381469728
2022-11-23 09:40:00+05:30,2022-11-23 14:40:00+05:30,FLY,18300.0,170.79863448820083,138.63840736132664,26.16022712687419,15.316414680517484,TIME,60,False,2,18277.4,18301.75,iron_fly,100.0,1.9333333333333333,13.84000015258789
2022-11-24 09:40:00+05:30,2022-11-24 14:40:00+05:30,FLY,18350.0,129.1664923085561,61.03830093796332,62.12819137059276,48.09930985985081,TP,60,False,2,18342.85,18392.45,iron_fly,100.0,0.9333333333333333,14.039999961853027
2022-11-30 09:40:00+05:30,2022-11-30 14:40:00+05:30,FLY,18650.0,170.77645039766276,142.63368699733502,22.142763400327738,12.965934910092722,TIME,60,False,2,18642.8,18688.75,iron_fly,100.0,1.9333333333333333,13.619999885559082
2022-12-01 09:40:00+05:30,2022-12-01 14:15:00+05:30,FLY,18850.0,131.4649825245959,63.798983179735295,61.66599934486061,46.906787009478705,TP,55,False,2,18868.1,18827.0,iron_fly,100.0,0.9333333333333333,13.8100004196167
2022-12-07 09:40:00+05:30,2022-12-07 14:40:00+05:30,FLY,18650.0,174.60251291824898,146.43112655832033,22.171386359928647,12.698205764260425,TIME,60,False,2,18640.85,18598.6,iron_fly,100.0,1.9333333333333333,14.039999961853027
2022-12-08 09:40:00+05:30,2022-12-08 14:35:00+05:30,FLY,18550.0,132.1161401646703,65.4746643130442,60.6414758516261,45.90012679453261,TP,59,False,2,18570.4,18596.2,iron_fly,100.0,0.9333333333333333,14.079999923706056
2022-12-14 09:40:00+05:30,2022-12-14 14:40:00+05:30,FLY,18700.0,164.06433557225546,137.55175303688756,20.512582535367898,12.502767566040559,TIME,60,False,2,18691.35,18644.75,iron_fly,100.0,1.9333333333333333,12.880000114440918
2022-12-15 09:40:00+05:30,2022-12-15 14:40:00+05:30,FLY,18600.0,120.97742365926189,163.31952194000357,-48.34209828074168,-39.95960305527689,SL,60,False,2,18587.2,18431.5,iron_fly,100.0,0.9333333333333333,12.890000343322754
2022-12-21 09:40:00+05:30,2022-12-21 14:40:00+05:30,FLY,18400.0,170.74026842506487,169.48590163757368,-4.745633212508807,-2.7794457958179843,TIME,60,False,2,18399.5,18265.05,iron_fly,100.0,1.9333333333333333,13.779999732971191
2022-12-22 09:45:00+05:30,2022-12-22 14:40:00+05:30,FLY,18250.0,140.07741006157266,143.9663815449953,-9.888971483422637,-7.059647575633947,TIME,59,False,2,18247.75,18106.2,iron_fly,100.0,0.92,15.5600004196167
2022-12-28 09:40:00+05:30,2022-12-28 14:40:00+05:30,FLY,18100.0,182.51835182325544,156.18321092007602,20.335140903179422,11.14142260218922,TIME,60,False,2,18116.55,18157.45,iron_fly,100.0,1.9333333333333333,15.289999961853027
2022-12-29 09:40:00+05:30,2022-12-29 14:40:00+05:30,FLY,18000.0,138.46905148434,128.53512917066544,3.9339223136745716,2.8410119600764894,TIME,60,False,2,18010.8,18126.5,iron_fly,100.0,0.9333333333333333,15.399999618530272
2023-01-04 09:40:00+05:30,2023-01-04 14:40:00+05:30,FLY,18150.0,175.10093980482998,152.76363585033388,16.337303954496093,9.330220598876219,TIME,60,False,2,18163.85,18069.1,iron_fly,100.0,1.9333333333333333,14.390000343322754
2023-01-05 09:40:00+05:30,2023-01-05 14:40:00+05:30,FLY,18050.0,136.98352555507898,107.0130934336552,23.970432121423784,17.49877003405467,TIME,60,False,2,18034.3,17945.55,iron_fly,100.0,0.9333333333333333,15.199999809265137
2023-01-11 09:40:00+05:30,2023-01-11 14:40:00+05:30,FLY,17850.0,182.88923724801407,158.3398355285417,18.54940171947237,10.142423905632967,TIME,60,False,2,17870.15,17916.8,iron_fly,100.0,1.9333333333333333,15.510000228881836
2023-01-12 09:40:00+05:30,2023-01-12 14:40:00+05:30,FLY,17900.0,137.72385590890525,84.72298683585578,47.00086907304947,34.1268901911498,TIME,60,False,2,17901.6,17822.85,iron_fly,100.0,0.9333333333333333,15.4399995803833
2023-01-18 09:40:00+05:30,2023-01-18 14:40:00+05:30,FLY,18100.0,175.94118771293233,155.54854623955922,14.392641473373118,8.180370759379162,TIME,60,False,2,18090.5,18176.0,iron_fly,100.0,1.9333333333333333,14.59000015258789
2023-01-19 09:40:00+05:30,2023-01-19 14:15:00+05:30,FLY,18100.0,130.35237931460586,62.93707984920129,61.41529946540456,47.11482812076529,TP,55,False,2,18100.05,18116.8,iron_fly,100.0,0.9333333333333333,14.369999885559082
2023-01-25 09:40:00+05:30,2023-01-25 14:40:00+05:30,FLY,18000.0,167.81679628689176,155.12166779523918,6.695128491652582,3.989546123980882,TIME,60,False,2,18017.2,17893.5,iron_fly,100.0,1.9333333333333333,13.65999984741211
2023-02-01 09:40:00+05:30,2023-02-01 14:40:00+05:30,FLY,17750.0,192.73701813456296,237.03652773123144,-50.299509596668486,-26.0974825093283,TIME,60,False,2,17768.95,17496.35,iron_fly,100.0,1.9333333333333333,16.8799991607666
2023-02-02 09:50:00+05:30,2023-02-02 14:15:00+05:30,FLY,17600.0,144.48403153044262,71.55197569441353,66.9320558360291,46.32488111457949,TP,53,False,2,17582.2,17578.15,iron_fly,100.0,0.9066666666666666,16.780000686645508
2023-02-08 10:40:00+05:30,2023-02-08 14:40:00+05:30,FLY,17800.0,165.29821174378708,154.55290998452207,4.745301759265004,2.870752023996631,TIME,48,False,2,17812.35,17888.45,iron_fly,100.0,1.7733333333333334,14.130000114440918
2023-02-09 09:45:00+05:30,2023-02-09 14:40:00+05:30,FLY,17800.0,121.62352327322236,100.57083694296992,15.052686330252442,12.376459689000447,TIME,59,False,2,17809.15,17897.8,iron_fly,100.0,0.92,13.600000381469728
2023-02-15 09:40:00+05:30,2023-02-15 14:40:00+05:30,FLY,17850.0,164.54431534448634,157.63462566667758,0.9096896778087569,0.5528539080212226,TIME,60,False,2,17861.4,17957.3,iron_fly,100.0,1.9333333333333333,13.449999809265137
2023-02-16 09:40:00+05:30,2023-02-16 14:40:00+05:30,FLY,18150.0,118.31471537372997,82.16946584695475,30.145249526775217,25.47886746931948,TIME,60,False,2,18131.65,18071.35,iron_fly,100.0,0.9333333333333333,12.859999656677246
2023-02-22 09:40:00+05:30,2023-02-22 14:40:00+05:30,FLY,17700.0,168.9644335314639,163.0909918016171,-0.12655827015319687,-0.07490231376393759,TIME,60,False,2,17716.75,17576.05,iron_fly,100.0,1.9333333333333333,14.010000228881836
2023-02-23 09:50:00+05:30,2023-02-23 14:15:00+05:30,FLY,17550.0,135.07565410399155,65.38019973535884,63.69545436863271,47.15539213276368,TP,53,False,2,17532.65,17562.5,iron_fly,100.0,0.9066666666666666,15.59000015258789
2023-03-01 09:40:00+05:30,2023-03-01 14:40:00+05:30,FLY,17400.0,166.45222949526476,144.30065051300954,16.151578982255216,9.703432048481332,TIME,60,False,2,17405.45,17465.55,iron_fly,100.0,1.9333333333333333,14.020000457763672
2023-03-02 09:40:00+05:30,2023-03-02 14:40:00+05:30,FLY,17400.0,114.57366501266884,79.57448223911288,28.999182773555958,25.31051334558374,TIME,60,False,2,17388.15,17323.85,iron_fly,100.0,0.9333333333333333,13.0
2023-03-08 09:40:00+05:30,2023-03-08 14:40:00+05:30,FLY,17650.0,152.20365728684908,127.77802257958336,18.425634707265715,12.105907989149058,TIME,60,False,2,17666.45,17700.55,iron_fly,100.0,1.9333333333333333,12.270000457763672
2023-03-09 09:40:00+05:30,2023-03-09 14:40:00+05:30,FLY,17700.0,113.7402916485344,83.82865343820495,23.911638210329443,21.023014679985266,TIME,60,False,2,17723.55,17618.4,iron_fly,100.0,0.9333333333333333,12.449999809265137
2023-03-15 09:40:00+05:30,2023-03-15 14:40:00+05:30,FLY,17150.0,183.07209664472202,175.83329750734728,1.2387991373747411,0.6766728300374528,TIME,60,False,2,17149.0,17019.4,iron_fly,100.0,1.9333333333333333,16.219999313354492
2023-03-16 10:20:00+05:30,2023-03-16 14:40:00+05:30,FLY,16950.0,130.48419983866384,88.80643578992081,35.67776404874303,27.342593274018245,TIME,52,False,2,16946.9,17031.15,iron_fly,100.0,0.8266666666666667,16.299999237060547
2023-03-22 09:40:00+05:30,2023-03-22 14:40:00+05:30,FLY,17150.0,174.58164173728846,142.58892741169342,25.992714325595045,14.888572513660424,TIME,60,False,2,17168.65,17118.5,iron_fly,100.0,1.9333333333333333,15.079999923706056
2023-03-23 09:40:00+05:30,2023-03-23 14:20:00+05:30,FLY,17100.0,127.77355009142093,60.911920434557395,60.86162965686353,47.632416578640516,TP,56,False,2,17080.35,17123.5,iron_fly,100.0,0.9333333333333333,14.8100004196167
2023-03-29 09:40:00+05:30,2023-03-29 14:40:00+05:30,FLY,17000.0,173.50069735688396,140.72124528298383,26.77945207390013,15.434780656135274,TIME,60,False,2,17015.2,17008.1,iron_fly,100.0,1.9333333333333333,15.100000381469728
2023-04-05 09:40:00+05:30,2023-04-05 14:40:00+05:30,FLY,17450.0,153.45499302390976,144.08032027114,3.3746727527697544,2.1991286736717313,TIME,60,False,2,17457.95,17543.1,iron_fly,100.0,1.9333333333333333,12.59000015258789
2023-04-06 09:40:00+05:30,2023-04-06 14:15:00+05:30,FLY,17550.0,110.7658553606886,54.46437769096283,50.30147766972578,45.412440057387975,TP,55,False,2,17533.2,17571.7,iron_fly,100.0,0.9333333333333333,12.40999984741211
2023-04-12 09:40:00+05:30,2023-04-12 14:40:00+05:30,FLY,17750.0,149.74126045149842,124.39440427574917,19.346856175749252,12.920190545621693,TIME,60,False,2,17763.75,17794.65,iron_fly,100.0,1.9333333333333333,11.979999542236328
2023-04-13 09:40:00+05:30,2023-04-13 14:05:00+05:30,FLY,17800.0,110.67327825416919,55.21958023348943,49.45369802067976,44.684406932544064,TP,53,False,2,17798.8,17790.05,iron_fly,100.0,0.9333333333333333,12.270000457763672
2023-04-19 09:40:00+05:30,2023-04-19 14:40:00+05:30,FLY,17650.0,149.31190590125811,122.95268049830767,20.359225402950443,13.635366369520632,TIME,60,False,2,17635.05,17602.05,iron_fly,100.0,1.9333333333333333,12.079999923706056
2023-04-20 09:40:00+05:30,2023-04-20 14:30:00+05:30,FLY,17650.0,110.770629311646,54.73258861665399,50.03804069499201,45.17266084515347,TP,58,False,2,17672.5,17611.65,iron_fly,100.0,0.9333333333333333,12.149999618530272
2023-04-26 09:40:00+05:30,2023-04-26 14:40:00+05:30,FLY,17750.0,144.19880566729194,117.74212940312509,20.456676264166845,14.186439457318581,TIME,60,False,2,17733.65,17782.9,iron_fly,100.0,1.9333333333333333,11.520000457763672
2023-04-27 09:40:00+05:30,2023-04-27 14:15:00+05:30,FLY,17850.0,105.91525263918805,52.811376449692396,47.10387618949566,44.473175501889415,TP,55,False,2,17833.8,17873.45,iron_fly,100.0,0.9333333333333333,11.649999618530272
2023-05-03 09:40:00+05:30,2023-05-03 14:40:00+05:30,FLY,18100.0,150.60573102123612,119.98859272902496,24.617138292211166,16.345419344460428,TIME,60,False,2,18078.9,18081.55,iron_fly,100.0,1.9333333333333333,11.899999618530272
2023-05-04 09:40:00+05:30,2023-05-04 14:40:00+05:30,FLY,18100.0,109.39722372980668,114.38700382953718,-10.989780099730496,-10.045757767010121,TIME,60,False,2,18111.85,18213.35,iron_fly,100.0,0.9333333333333333,11.84000015258789
2023-05-10 09:40:00+05:30,2023-05-10 14:40:00+05:30,FLY,18250.0,159.23473626909617,131.69517668673174,21.539559582364433,13.526922634496033,TIME,60,False,2,18238.75,18286.55,iron_fly,100.0,1.9333333333333333,12.68000030517578
2023-05-11 09:40:00+05:30,2023-05-11 14:25:00+05:30,FLY,18300.0,121.34479242681763,55.8490969251774,59.49569550164023,49.030283304099555,TP,57,False,2,18312.05,18322.75,iron_fly,100.0,0.9333333333333333,13.079999923706056
2023-05-17 09:40:00+05:30,2023-05-17 14:40:00+05:30,FLY,18250.0,165.58898913297014,143.28839228796392,16.300596845006226,9.844010118279442,TIME,60,False,2,18259.9,18174.7,iron_fly,100.0,1.9333333333333333,13.289999961853027
2023-05-18 09:40:00+05:30,2023-05-18 14:40:00+05:30,FLY,18250.0,121.15136001107382,92.89694337527422,22.2544166357996,18.369101786199874,TIME,60,False,2,18260.15,18159.3,iron_fly,100.0,0.9333333333333333,13.109999656677246
2023-05-24 09:40:00+05:30,2023-05-24 14:40:00+05:30,FLY,18350.0,159.35722787103816,137.2144344507658,16.14279342027237,10.129941161712557,TIME,60,False,2,18330.0,18278.7,iron_fly,100.0,1.9333333333333333,12.609999656677246
2023-05-25 09:40:00+05:30,2023-05-25 14:40:00+05:30,FLY,18300.0,121.82553132918167,56.54840743969398,59.27712388948768,48.657389992674425,TP,60,False,2,18275.95,18259.65,iron_fly,100.0,0.9333333333333333,13.109999656677246
2023-05-31 09:40:00+05:30,2023-05-31 14:40:00+05:30,FLY,18550.0,155.05781535905635,123.46443193792328,25.59338342113307,16.505703606018372,TIME,60,False,2,18561.65,18537.5,iron_fly,100.0,1.9333333333333333,12.010000228881836
2023-06-01 09:40:00+05:30,2023-06-01 14:05:00+05:30,FLY,18550.0,113.48295263787449,56.083065384684595,51.399887253189895,45.293047156789775,TP,53,False,2,18565.6,18540.45,iron_fly,100.0,0.9333333333333333,11.970000267028809
2023-06-07 09:40:00+05:30,2023-06-07 14:40:00+05:30,FLY,18650.0,149.18209176223706,130.11511507505497,13.066976687182091,8.759078608448482,TIME,60,False,2,18662.55,18715.0,iron_fly,100.0,1.9333333333333333,11.380000114440918
2023-06-08 09:40:00+05:30,2023-06-08 14:40:00+05:30,FLY,18750.0,108.75019586173265,70.53717041518317,32.21302544654948,29.62111947596473,TIME,60,False,2,18740.85,18683.75,iron_fly,100.0,0.9333333333333333,11.4399995803833
2023-06-14 09:40:00+05:30,2023-06-14 14:40:00+05:30,FLY,18700.0,145.9798180932853,125.71827753054734,14.261540562737963,9.769528931474916,TIME,60,False,2,18701.6,18757.75,iron_fly,100.0,1.9333333333333333,11.109999656677246
2023-06-15 09:40:00+05:30,2023-06-15 14:40:00+05:30,FLY,18750.0,106.16064789753464,65.34894832614864,34.811699571386,32.791528933570525,TIME,60,False,2,18742.0,18689.8,iron_fly,100.0,0.9333333333333333,11.15999984741211
2023-06-21 09:40:00+05:30,2023-06-21 14:40:00+05:30,FLY,18850.0,147.17741304069568,116.62769820080368,24.549714839892005,16.680354908197646,TIME,60,False,2,18852.9,18841.75,iron_fly,100.0,1.9333333333333333,11.130000114440918
2023-06-22 09:40:00+05:30,2023-06-22 14:05:00+05:30,FLY,18850.0,108.72357878776415,53.61486500838728,49.10871377937688,45.16841178971899,TP,53,False,2,18862.5,18842.35,iron_fly,100.0,0.9333333333333333,11.289999961853027
2023-06-28 09:40:00+05:30,2023-06-28 14:40:00+05:30,FLY,18850.0,144.60828301839052,156.26947533564652,-17.661192317255995,-12.213126349760987,TIME,60,False,2,18870.15,18977.8,iron_fly,100.0,1.9333333333333333,10.779999732971191
2023-07-05 09:40:00+05:30,2023-07-05 14:40:00+05:30,FLY,19400.0,156.61469048840797,130.66519229254993,19.94949819585804,12.73794823055544,TIME,60,False,2,19378.65,19345.9,iron_fly,100.0,1.9333333333333333,11.699999809265137
2023-07-06 09:40:00+05:30,2023-07-06 14:40:00+05:30,FLY,19400.0,116.58673038493302,90.29601235518012,20.290718029752895,17.40396867015592,TIME,60,False,2,19404.3,19486.95,iron_fly,100.0,0.9333333333333333,11.880000114440918
2023-07-12 09:40:00+05:30,2023-07-12 14:40:00+05:30,FLY,19450.0,150.54104095376738,118.83984154008746,25.701199413679916,17.072553272414932,TIME,60,False,2,19468.6,19446.35,iron_fly,100.0,1.9333333333333333,11.010000228881836
2023-07-13 09:40:00+05:30,2023-07-13 14:25:00+05:30,FLY,19500.0,110.45337092593707,51.86761264780525,52.58575827813181,47.60901169181378,TP,57,False,2,19524.0,19471.4,iron_fly,100.0,0.9333333333333333,10.9399995803833
2023-07-19 09:40:00+05:30,2023-07-19 14:40:00+05:30,FLY,19800.0,159.20942076725566,128.76454497945775,24.444875787797912,15.353912896607591,TIME,60,False,2,19805.3,19773.3,iron_fly,100.0,1.9333333333333333,11.710000038146973
2023-07-20 09:40:00+05:30,2023-07-20 14:20:00+05:30,FLY,19800.0,116.40735027837692,157.14992287580887,-46.742572597431945,-40.15431369724644,SL,56,False,2,19781.8,19952.55,iron_fly,100.0,0.9333333333333333,11.600000381469728
2023-07-26 09:40:00+05:30,2023-07-26 14:40:00+05:30,FLY,19750.0,143.16662517838643,118.62703316668056,18.539592011705864,12.949660571104074,TIME,60,False,2,19762.9,19791.95,iron_fly,100.0,1.9333333333333333,10.239999771118164
2023-07-27 09:40:00+05:30,2023-07-27 13:00:00+05:30,FLY,19850.0,105.63201486812413,142.6032200719676,-42.97120520384347,-40.680096140825015,SL,40,False,2,19855.65,19700.45,iron_fly,100.0,0.9333333333333333,10.460000038146973
2023-08-02 09:40:00+05:30,2023-08-02 14:40:00+05:30,FLY,19600.0,143.51733408800322,154.83421108971942,-17.316877001716193,-12.066052586440659,TIME,60,False,2,19620.8,19462.4,iron_fly,100.0,1.9333333333333333,10.279999732971191
2023-08-03 09:40:00+05:30,2023-08-03 13:00:00+05:30,FLY,19500.0,111.31936050005737,150.28113667507745,-44.96177617502008,-40.38989801329024,SL,40,False,2,19496.4,19348.7,iron_fly,100.0,0.9333333333333333,11.279999732971191
2023-08-09 09:40:00+05:30,2023-08-09 14:40:00+05:30,FLY,19500.0,153.38731067572883,137.07472893187645,10.312581743852377,6.72323003671006,TIME,60,False,2,19505.25,19574.2,iron_fly,100.0,1.9333333333333333,11.329999923706056
2023-08-10 09:40:00+05:30,2023-08-10 14:40:00+05:30,FLY,19600.0,110.58334780350782,64.00394295329389,40.57940485021393,36.69576446746597,TIME,60,False,2,19590.45,19542.85,iron_fly,100.0,0.9333333333333333,11.140000343322754
2023-08-16 09:40:00+05:30,2023-08-16 14:40:00+05:30,FLY,19350.0,160.3089599402449,146.7611808753671,7.547779064877801,4.708270247459176,TIME,60,False,2,19367.9,19437.95,iron_fly,100.0,1.9333333333333333,12.0
2023-08-17 09:40:00+05:30,2023-08-17 14:30:00+05:30,FLY,19400.0,118.93606593734049,52.71445241359415,60.22161352374633,50.633601379982665,TP,58,False,2,19405.35,19376.85,iron_fly,100.0,0.9333333333333333,12.130000114440918
2023-08-23 09:40:00+05:30,2023-08-23 14:40:00+05:30,FLY,19400.0,157.34767512984138,135.17533672781119,16.172338402030192,10.2780917409075,TIME,60,False,2,19407.25,19458.65,iron_fly,100.0,1.9333333333333333,11.75
2023-08-24 09:40:00+05:30,2023-08-24 14:40:00+05:30,FLY,19550.0,117.1028454493362,130.56520438263013,-19.462358933293928,-16.61988558742084,TIME,60,False,2,19567.45,19419.0,iron_fly,100.0,0.9333333333333333,11.729999542236328
2023-08-30 09:40:00+05:30,2023-08-30 14:40:00+05:30,FLY,19400.0,163.31252993342002,130.5787499063431,26.733780027076932,16.369705397360434,TIME,60,False,2,19422.6,19391.05,iron_fly,100.0,1.9333333333333333,12.229999542236328
2023-08-31 09:40:00+05:30,2023-08-31 14:40:00+05:30,FLY,19350.0,116.67881381101257,88.23543330199564,22.443380509016933,19.235180557602348,TIME,60,False,2,19367.75,19263.85,iron_fly,100.0,0.9333333333333333,11.800000190734863
2023-09-06 09:40:00+05:30,2023-09-06 14:40:00+05:30,FLY,19600.0,148.0166214978293,123.13647600952176,18.880145488307548,12.755422531100285,TIME,60,False,2,19592.6,19547.35,iron_fly,100.0,1.9333333333333333,10.81999969482422
2023-09-07 09:40:00+05:30,2023-09-07 14:30:00+05:30,FLY,19550.0,106.90458247576485,144.32118634228257,-43.41660386651772,-40.61248158034779,SL,58,False,2,19563.85,19696.55,iron_fly,100.0,0.9333333333333333,10.68000030517578
2023-09-13 09:40:00+05:30,2023-09-13 14:40:00+05:30,FLY,19950.0,161.0155713245025,168.9932023287256,-13.977631004223099,-8.680918801358224,TIME,60,False,2,19972.45,20085.9,iron_fly,100.0,1.9333333333333333,11.6899995803833
2023-09-14 09:40:00+05:30,2023-09-14 14:40:00+05:30,FLY,20150.0,120.37361004105892,77.68501329142,36.68859674963892,30.478936983882594,TIME,60,False,2,20156.25,20077.3,iron_fly,100.0,0.9333333333333333,11.829999923706056
2023-09-20 09:40:00+05:30,2023-09-20 14:40:00+05:30,FLY,20000.0,150.89716023768756,136.97793594945927,7.919224288228293,5.248093652494339,TIME,60,False,2,20004.5,19909.4,iron_fly,100.0,1.9333333333333333,10.84000015258789
2023-09-21 09:40:00+05:30,2023-09-21 14:40:00+05:30,FLY,19800.0,111.97094705030999,78.41723581795932,27.553711232350665,24.60791121108445,TIME,60,False,2,19808.15,19724.65,iron_fly,100.0,0.9333333333333333,11.130000114440918
2023-09-27 09:40:00+05:30,2023-09-27 14:40:00+05:30,FLY,19600.0,152.6635329248477,154.58602632378972,-7.922493398942038,-5.189512680046568,TIME,60,False,2,19609.05,19715.85,iron_fly,100.0,1.9333333333333333,11.1899995803833
2023-09-28 09:40:00+05:30,2023-09-28 14:00:00+05:30,FLY,19700.0,115.48867433429106,155.90971035129294,-46.42103601700188,-40.19531463547026,SL,52,False,2,19686.95,19545.95,iron_fly,100.0,0.9333333333333333,11.59000015258789
2023-10-04 09:40:00+05:30,2023-10-04 14:40:00+05:30,FLY,19400.0,157.37423478203175,127.57779208170393,23.796442700327816,15.120926709055416,TIME,60,False,2,19394.2,19418.0,iron_fly,100.0,1.9333333333333333,11.789999961853027
2023-10-05 09:40:00+05:30,2023-10-05 14:05:00+05:30,FLY,19550.0,115.15879880462839,57.192523471860476,51.966275332767914,45.125753196619236,TP,53,False,2,19543.75,19550.65,iron_fly,100.0,0.9333333333333333,11.65999984741211
2023-10-11 09:40:00+05:30,2023-10-11 14:40:00+05:30,FLY,19800.0,154.70088982257448,125.03943693324479,23.661452889329695,15.29496883726194,TIME,60,False,2,19809.0,19820.35,iron_fly,100.0,1.9333333333333333,11.270000457763672
2023-10-12 09:40:00+05:30,2023-10-12 14:05:00+05:30,FLY,19800.0,111.08845318007322,54.571760837693,50.51669234238022,45.47429628936609,TP,53,False,2,19813.35,19799.0,iron_fly,100.0,0.9333333333333333,10.989999771118164
2023-10-18 09:40:00+05:30,2023-10-18 14:40:00+05:30,FLY,19800.0,148.95469824614997,146.32398212082023,-3.369283874670259,-2.2619520661929475,TIME,60,False,2,19816.25,19684.0,iron_fly,100.0,1.9333333333333333,10.699999809265137
2023-10-19 09:40:00+05:30,2023-10-19 14:40:00+05:30,FLY,19550.0,108.66186073001862,96.10956490567631,6.552295824342309,6.029986768422962,TIME,60,False,2,19542.6,19644.15,iron_fly,100.0,0.9333333333333333,10.970000267028809
2023-10-25 09:40:00+05:30,2023-10-25 12:40:00+05:30,FLY,19350.0,147.8653305238198,199.61819620715676,-57.75286568333695,-39.057746314666694,SL,36,False,2,19326.25,19145.2,iron_fly,100.0,1.9333333333333333,10.90999984741211
2023-10-26 09:45:00+05:30,2023-10-26 14:40:00+05:30,FLY,18950.0,107.88265728949943,80.20790655488932,21.674750734610114,20.091042693216814,TIME,59,False,2,18942.4,18872.1,iron_fly,100.0,0.92,11.3100004196167
2023-11-01 09:40:00+05:30,2023-11-01 14:40:00+05:30,FLY,19100.0,156.17799529836327,142.75622297044396,7.421772327919314,4.752124211698787,TIME,60,False,2,19078.35,19004.7,iron_fly,100.0,1.9333333333333333,11.829999923706056
2023-11-02 09:40:00+05:30,2023-11-02 14:15:00+05:30,FLY,19150.0,117.53510116153446,57.08784745711764,54.447253704416816,46.32424966358534,TP,55,False,2,19165.05,19127.2,iron_fly,100.0,0.9333333333333333,12.050000190734863
2023-11-08 09:40:00+05:30,2023-11-08 14:40:00+05:30,FLY,19450.0,151.58131323626753,121.56723704068267,24.014076195584863,15.84237244214561,TIME,60,False,2,19425.35,19424.4,iron_fly,100.0,1.9333333333333333,11.1899995803833
2023-11-09 09:40:00+05:30,2023-11-09 14:40:00+05:30,FLY,19450.0,109.63979053685333,61.48687343607471,42.152917100778616,38.446732609006325,TIME,60,False,2,19427.45,19395.85,iron_fly,100.0,0.9333333333333333,11.039999961853027
2023-11-15 09:40:00+05:30,2023-11-15 14:40:00+05:30,FLY,19600.0,153.86902978403725,134.53546040683216,13.333569377205094,8.66553158612842,TIME,60,False,2,19623.8,19668.9,iron_fly,100.0,1.9333333333333333,11.1899995803833
2023-11-16 09:40:00+05:30,2023-11-16 14:35:00+05:30,FLY,19700.0,111.06874850032244,149.9428104754353,-44.87406197511285,-40.40205960813773,SL,59,False,2,19696.6,19844.9,iron_fly,100.0,0.9333333333333333,11.140000343322754
2023-11-22 09:40:00+05:30,2023-11-22 14:40:00+05:30,FLY,19800.0,164.56919901609876,133.10968275863985,25.459516257458915,15.47040175784557,TIME,60,False,2,19805.1,19803.6,iron_fly,100.0,1.9333333333333333,12.229999542236328
2023-11-23 09:40:00+05:30,2023-11-23 14:40:00+05:30,FLY,19850.0,120.08072990760851,61.26302104528204,52.81770886232648,43.98516639844297,TIME,60,False,2,19867.85,19800.1,iron_fly,100.0,0.9333333333333333,11.869999885559082
2023-11-29 09:40:00+05:30,2023-11-29 14:40:00+05:30,FLY,20000.0,165.25997025326615,149.3381284552858,9.921841797980335,6.003778036977011,TIME,60,False,2,20005.95,20082.85,iron_fly,100.0,1.9333333333333333,12.18000030517578
2023-11-30 09:40:00+05:30,2023-11-30 14:20:00+05:30,FLY,20100.0,129.68853544770556,62.56372263604353,61.124812811662025,47.13200947227093,TP,56,False,2,20122.6,20070.3,iron_fly,100.0,0.9333333333333333,12.710000038146973
2023-12-06 09:40:00+05:30,2023-12-06 14:40:00+05:30,FLY,20950.0,182.77783178936102,151.41963492943978,25.358196859921236,13.873781416306999,TIME,60,False,2,20930.05,20951.95,iron_fly,100.0,1.9333333333333333,13.460000038146973
2023-12-07 09:40:00+05:30,2023-12-07 14:10:00+05:30,FLY,20900.0,142.3939676896843,70.30347846981422,66.09048921987008,46.41382657719003,TP,54,False,2,20879.0,20908.15,iron_fly,100.0,0.9333333333333333,13.739999771118164
2023-12-13 09:40:00+05:30,2023-12-13 14:40:00+05:30,FLY,20900.0,175.29401901797337,146.49144895817585,22.802570059797517,13.008184869935299,TIME,60,False,2,20889.7,20856.0,iron_fly,100.0,1.9333333333333333,12.710000038146973
2023-12-14 09:40:00+05:30,2023-12-14 14:30:00+05:30,FLY,21150.0,127.91809976293592,63.61448889359999,58.30361086933593,45.57885942441846,TP,58,False,2,21137.3,21190.45,iron_fly,100.0,0.9333333333333333,12.06999969482422
2023-12-20 09:40:00+05:30,2023-12-20 14:00:00+05:30,FLY,21600.0,189.84114611818222,256.28554725954604,-72.44440114136381,-38.16053717683776,SL,52,False,2,21579.95,21275.45,iron_fly,100.0,1.9333333333333333,13.869999885559082
2023-12-21 09:40:00+05:30,2023-12-21 12:40:00+05:30,FLY,21050.0,149.80260052244319,202.2335107052983,-58.430910182855115,-39.00527092258395,SL,36,False,2,21065.95,21250.2,iron_fly,100.0,0.9333333333333333,14.449999809265137
2023-12-27 09:40:00+05:30,2023-12-27 14:40:00+05:30,FLY,21550.0,196.6117544320764,168.33684540912566,22.274909022950737,11.329388259258968,TIME,60,False,2,21556.0,21588.45,iron_fly,100.0,1.9333333333333333,14.68000030517578
2023-12-28 09:40:00+05:30,2023-12-28 14:15:00+05:30,FLY,21750.0,162.47401997280417,79.91670856583224,76.55731140697193,47.11972499959472,TP,55,False,2,21739.8,21742.6,iron_fly,100.0,0.9333333333333333,15.5600004196167
2024-01-03 09:45:00+05:30,2024-01-03 14:40:00+05:30,FLY,21550.0,196.15672957417473,164.8216596049524,25.33506996922233,12.915728165034546,TIME,59,False,2,21574.55,21542.95,iron_fly,100.0,1.92,14.579999923706056
2024-01-04 09:40:00+05:30,2024-01-04 14:30:00+05:30,FLY,21600.0,149.58202561069993,74.29466349394116,69.28736211675877,46.32064703889295,TP,58,False,2,21611.55,21644.75,iron_fly,100.0,0.9333333333333333,14.100000381469728
2024-01-10 09:40:00+05:30,2024-01-10 14:40:00+05:30,FLY,21550.0,184.30502401148578,153.88523578383808,24.4197882276477,13.249659556825685,TIME,60,False,2,21558.6,21569.4,iron_fly,100.0,1.9333333333333333,13.260000228881836
2024-01-11 09:40:00+05:30,2024-01-11 14:40:00+05:30,FLY,21700.0,139.59975555450626,69.11705444168675,64.48270111281951,46.19112752503528,TP,60,False,2,21683.15,21647.45,iron_fly,100.0,0.9333333333333333,12.970000267028809
2024-01-17 10:35:00+05:30,2024-01-17 14:40:00+05:30,FLY,21750.0,183.46758785521502,196.23872314656717,-18.771135291352152,-10.231308707326304,TIME,49,False,2,21740.25,21575.7,iron_fly,100.0,1.7866666666666666,13.56999969482422
2024-01-18 09:40:00+05:30,2024-01-18 14:25:00+05:30,FLY,21400.0,156.6153923038703,74.89432673434149,75.7210655695288,48.348418667950796,TP,57,False,2,21384.45,21429.2,iron_fly,100.0,0.9333333333333333,15.079999923706056
2024-01-24 09:40:00+05:30,2024-01-24 14:40:00+05:30,FLY,21250.0,196.8935792153386,207.38656434806546,-16.492985132726858,-8.376598768966868,TIME,60,False,2,21267.55,21429.8,iron_fly,100.0,1.9333333333333333,14.850000381469728
2024-01-25 09:40:00+05:30,2024-01-25 14:40:00+05:30,FLY,21400.0,150.57183899073618,143.19681558388507,1.3750234068511134,0.9132009119817621,TIME,60,False,2,21385.9,21257.55,iron_fly,100.0,0.9333333333333333,14.380000114440918
2024-01-31 09:40:00+05:30,2024-01-31 14:40:00+05:30,FLY,21600.0,207.8835024306536,190.00836869850457,11.875133732149038,5.712398335269716,TIME,60,False,2,21576.35,21699.95,iron_fly,100.0,1.9333333333333333,16.100000381469727
2024-02-01 09:40:00+05:30,2024-02-01 14:20:00+05:30,FLY,21750.0,166.46581313738147,82.11559134057862,78.35022179680286,47.06685434092207,TP,56,False,2,21739.05,21723.05,iron_fly,100.0,0.9333333333333333,16.049999237060547
2024-02-07 09:40:00+05:30,2024-02-07 14:40:00+05:30,FLY,21950.0,207.59392454464296,177.30753860146388,24.286385943179084,11.698986854481047,TIME,60,False,2,21968.45,21935.2,iron_fly,100.0,1.9333333333333333,15.789999961853027
2024-02-08 09:40:00+05:30,2024-02-08 11:05:00+05:30,FLY,21950.0,164.3853653603884,221.92024323652436,-63.534877876135965,-38.64995995041651,SL,17,False,2,21974.55,21716.45,iron_fly,100.0,0.9333333333333333,15.510000228881836
2024-02-14 09:40:00+05:30,2024-02-14 14:40:00+05:30,FLY,21600.0,205.72128226876885,225.46317988555555,-25.7418976167867,-12.512996872708419,TIME,60,False,2,21576.6,21815.4,iron_fly,100.0,1.9333333333333333,15.8100004196167
2024-02-15 09:40:00+05:30,2024-02-15 14:30:00+05:30,FLY,21850.0,162.55139752101366,78.72028382424415,77.8311136967695,47.88092559260093,TP,58,False,2,21825.35,21890.55,iron_fly,100.0,0.9333333333333333,15.4399995803833
2024-02-21 09:40:00+05:30,2024-02-21 14:40:00+05:30,FLY,22250.0,210.56454054750157,224.33895524539588,-19.774414697894315,-9.391141854406095,TIME,60,False,2,22232.8,22032.4,iron_fly,100.0,1.9333333333333333,16.06999969482422
2024-02-22 09:40:00+05:30,2024-02-22 14:15:00+05:30,FLY,22050.0,167.1419545814615,82.82367843985813,78.31827614160338,46.85734131667862,TP,55,False,2,22047.15,22051.2,iron_fly,100.0,0.9333333333333333,15.93000030517578
2024-02-28 09:40:00+05:30,2024-02-28 14:40:00+05:30,FLY,22200.0,208.02043166069188,226.32265755154924,-24.302225890857358,-11.682614874339563,TIME,60,False,2,22209.5,21974.2,iron_fly,100.0,1.9333333333333333,15.729999542236328
2024-02-29 09:40:00+05:30,2024-02-29 14:15:00+05:30,FLY,21950.0,169.77344223253112,84.50255769281503,79.27088453971609,46.692158383136444,TP,55,False,2,21946.3,21950.1,iron_fly,100.0,0.9333333333333333,16.329999923706055
2024-03-06 09:40:00+05:30,2024-03-06 14:40:00+05:30,FLY,22350.0,198.22383139476915,185.62441925903022,6.59941213573893,3.329272817149815,TIME,60,False,2,22363.9,22464.55,iron_fly,100.0,1.9333333333333333,14.380000114440918
2024-03-07 09:40:00+05:30,2024-03-07 14:40:00+05:30,FLY,22450.0,156.83409490073484,69.17866664804606,81.65542825268878,52.064844895091866,TP,60,False,2,22473.35,22487.45,iron_fly,100.0,0.9333333333333333,14.300000190734863
2024-03-14 09:40:00+05:30,2024-03-14 14:40:00+05:30,FLY,22000.0,154.24357013525412,117.47028143689354,30.773288698360574,19.95109985549212,TIME,60,False,2,21992.9,22111.95,iron_fly,100.0,0.9333333333333333,14.43000030517578
2024-03-20 09:40:00+05:30,2024-03-20 14:40:00+05:30,FLY,21850.0,193.43170964265528,162.3715238241391,25.060185818516175,12.95557272631888,TIME,60,False,2,21860.4,21849.45,iron_fly,100.0,1.9333333333333333,14.109999656677246
2024-03-21 09:40:00+05:30,2024-03-21 14:10:00+05:30,FLY,22000.0,145.9886376749613,72.13104426229839,67.85759341266291,46.481421084115816,TP,54,False,2,22008.95,21998.5,iron_fly,100.0,0.9333333333333333,13.470000267028809
2024-03-27 09:40:00+05:30,2024-03-27 14:40:00+05:30,FLY,22100.0,183.1446631546355,160.51191355956172,16.63274959507379,9.081754995519674,TIME,60,False,2,22113.15,22168.35,iron_fly,100.0,1.9333333333333333,12.81999969482422
2024-03-28 09:40:00+05:30,2024-03-28 12:45:00+05:30,FLY,22250.0,140.09077631826784,189.1225480296616,-55.03177171139376,-39.2829372194846,SL,37,False,2,22257.9,22424.05,iron_fly,100.0,0.9333333333333333,12.699999809265137
2024-04-03 09:40:00+05:30,2024-04-03 14:40:00+05:30,FLY,22350.0,173.11727239270954,160.86266714612398,6.254605246585555,3.6129296402020685,TIME,60,False,2,22369.15,22448.65,iron_fly,100.0,1.9333333333333333,11.649999618530272
2024-04-10 09:40:00+05:30,2024-04-10 14:40:00+05:30,FLY,22700.0,171.8565899090163,144.65300602194043,21.203583887075865,12.33795218344632,TIME,60,False,2,22720.1,22743.4,iron_fly,100.0,1.9333333333333333,11.359999656677246
2024-04-18 09:40:00+05:30,2024-04-18 14:40:00+05:30,FLY,22200.0,138.78516509861186,143.8085391415119,-11.02337404290003,-7.942761054517265,TIME,60,False,2,22200.45,22056.15,iron_fly,100.0,0.9333333333333333,12.619999885559082
2024-04-24 09:40:00+05:30,2024-04-24 14:40:00+05:30,FLY,22400.0,157.15464716336214,125.99522388493517,25.15942327842697,16.009340946993294,TIME,60,False,2,22416.05,22402.0,iron_fly,100.0,1.9333333333333333,10.199999809265137
2024-04-25 09:40:00+05:30,2024-04-25 14:05:00+05:30,FLY,22400.0,116.08834042788942,156.71925957765072,-46.6309191497613,-40.168477710926545,SL,53,False,2,22391.95,22573.1,iron_fly,100.0,0.9333333333333333,10.279999732971191
2024-05-02 09:40:00+05:30,2024-05-02 14:15:00+05:30,FLY,22650.0,143.78968351377705,68.71111834307922,69.07856517069783,48.0413917623507,TP,55,False,2,22657.4,22646.9,iron_fly,100.0,0.9333333333333333,12.869999885559082
2024-06-06 09:40:00+05:30,2024-06-06 14:25:00+05:30,FLY,22750.0,192.99927920523305,96.33886678859855,90.6604124166345,46.974482386655616,TP,57,False,2,22732.8,22724.05,iron_fly,100.0,0.9333333333333333,18.88999938964844
2024-06-12 09:40:00+05:30,2024-06-12 14:40:00+05:30,FLY,23350.0,206.17825347629105,177.47242647329608,22.705827002994965,11.01271672456279,TIME,60,False,2,23372.9,23378.65,iron_fly,100.0,1.9333333333333333,14.770000457763672
2024-06-13 09:40:00+05:30,2024-06-13 14:15:00+05:30,FLY,23400.0,161.55852950597705,80.32710179950155,75.2314277064755,46.56605128588536,TP,55,False,2,23383.3,23383.1,iron_fly,100.0,0.9333333333333333,14.390000343322754
2024-06-19 09:40:00+05:30,2024-06-19 14:40:00+05:30,FLY,23600.0,191.15474987644848,161.3829313658439,23.77181851060459,12.435902600364017,TIME,60,False,2,23580.3,23611.45,iron_fly,100.0,1.9333333333333333,12.970000267028809
2024-06-20 09:40:00+05:30,2024-06-20 14:40:00+05:30,FLY,23500.0,156.05760761493445,92.49855141288108,57.55905620205337,36.88321068209498,TIME,60,False,2,23508.0,23579.55,iron_fly,100.0,0.9333333333333333,13.710000038146973
2024-06-26 09:40:00+05:30,2024-06-26 14:40:00+05:30,FLY,23700.0,203.32066210400944,208.44427487754774,-11.123612773538298,-5.470970170187608,TIME,60,False,2,23701.2,23872.9,iron_fly,100.0,1.9333333333333333,14.3100004196167
2024-06-27 09:40:00+05:30,2024-06-27 14:40:00+05:30,FLY,23850.0,160.8923551090502,135.5468248649061,19.345530244144072,12.023896493423813,TIME,60,False,2,23857.35,23981.3,iron_fly,100.0,0.9333333333333333,14.050000190734863
2024-07-03 09:40:00+05:30,2024-07-03 14:40:00+05:30,FLY,24300.0,200.11375135230128,172.337864412317,21.775886939984275,10.881754398600881,TIME,60,False,2,24283.35,24256.75,iron_fly,100.0,1.9333333333333333,13.640000343322754
2024-07-04 09:40:00+05:30,2024-07-04 14:40:00+05:30,FLY,24400.0,155.6265708043245,79.77288063916822,69.85369016515628,44.88545227471864,TIME,60,False,2,24392.35,24338.75,iron_fly,100.0,0.9333333333333333,13.210000038146973
2024-07-10 09:40:00+05:30,2024-07-10 14:40:00+05:30,FLY,24400.0,205.94084139747065,185.7118079577558,14.22903343971484,6.909281977853277,TIME,60,False,2,24400.35,24304.1,iron_fly,100.0,1.9333333333333333,14.279999732971191
2024-07-11 09:40:00+05:30,2024-07-11 14:25:00+05:30,FLY,24350.0,166.57135299940546,82.4780537815881,78.09329921781736,46.88279095511465,TP,57,False,2,24339.4,24312.4,iron_fly,100.0,0.9333333333333333,14.43000030517578
2024-07-18 09:40:00+05:30,2024-07-18 14:10:00+05:30,FLY,24600.0,166.14221166594234,224.2919857490222,-64.14977408307985,-38.61136398741583,SL,54,False,2,24580.9,24819.9,iron_fly,100.0,0.9333333333333333,14.220000267028809
2024-07-24 09:40:00+05:30,2024-07-24 14:40:00+05:30,FLY,24400.0,192.83917602502652,164.93371671581338,21.905459309213143,11.359444569691725,TIME,60,False,2,24409.1,24433.4,iron_fly,100.0,1.9333333333333333,12.75
2024-07-25 09:40:00+05:30,2024-07-25 14:40:00+05:30,FLY,24300.0,140.87372933098845,90.71458417211343,44.15914515887502,31.34661470849639,TIME,60,False,2,24287.3,24382.25,iron_fly,100.0,0.9333333333333333,11.760000228881836
2024-07-31 09:40:00+05:30,2024-07-31 14:40:00+05:30,FLY,24900.0,195.80126858684298,170.546884141325,19.254384445517985,9.833636209041293,TIME,60,False,2,24883.25,24950.0,iron_fly,100.0,1.9333333333333333,12.880000114440918
2024-08-01 09:40:00+05:30,2024-08-01 14:40:00+05:30,FLY,25050.0,159.1500607720302,73.86194940362512,79.28811136840508,49.81971793399375,TP,60,False,2,25045.55,25003.6,iron_fly,100.0,0.9333333333333333,13.25
2024-08-08 09:40:00+05:30,2024-08-08 14:40:00+05:30,FLY,24250.0,180.7902055342297,100.399794016122,74.3904115181077,41.14736818750011,TIME,60,False,2,24230.55,24169.9,iron_fly,100.0,0.9333333333333333,16.170000076293945
2024-08-14 09:40:00+05:30,2024-08-14 14:40:00+05:30,FLY,24150.0,219.15560361198914,191.43521286728628,21.720390744702854,9.910944729096864,TIME,60,False,2,24128.35,24142.0,iron_fly,100.0,1.9333333333333333,16.170000076293945
2024-08-21 09:40:00+05:30,2024-08-21 14:40:00+05:30,FLY,24700.0,203.2599512308002,176.43839430448566,20.821556926314543,10.24380690846069,TIME,60,False,2,24684.7,24736.45,iron_fly,100.0,1.9333333333333333,13.81999969482422
2024-08-22 09:40:00+05:30,2024-08-22 14:20:00+05:30,FLY,24850.0,159.20332187616395,78.59761939411183,74.60570248205212,46.861900620443116,TP,56,False,2,24830.85,24821.1,iron_fly,100.0,0.9333333333333333,13.329999923706056
2024-08-28 09:40:00+05:30,2024-08-28 14:40:00+05:30,FLY,25000.0,202.82315286076619,184.34408368763388,12.479069173132302,6.152684738955281,TIME,60,False,2,24991.95,25088.95,iron_fly,100.0,1.9333333333333333,13.630000114440918
2024-08-29 09:40:00+05:30,2024-08-29 14:25:00+05:30,FLY,25050.0,166.14627632374845,77.42547055732066,82.72080576642779,49.787938433985786,TP,57,False,2,25063.55,25035.25,iron_fly,100.0,0.9333333333333333,13.949999809265137
2024-09-04 09:40:00+05:30,2024-09-04 14:40:00+05:30,FLY,25100.0,205.00605774248197,184.65156293688563,14.354494805596346,7.00198567967573,TIME,60,False,2,25095.3,25180.2,iron_fly,100.0,1.9333333333333333,13.84000015258789
2024-09-05 09:40:00+05:30,2024-09-05 14:30:00+05:30,FLY,25200.0,170.4805679612066,84.48641304245066,79.99415491875592,46.92274074131361,TP,58,False,2,25208.9,25154.3,iron_fly,100.0,0.9333333333333333,14.380000114440918
2024-09-11 09:40:00+05:30,2024-09-11 14:40:00+05:30,FLY,25050.0,201.10421600444033,185.0157267310418,10.088489273398523,5.016547874449222,TIME,60,False,2,25063.45,24936.2,iron_fly,100.0,1.9333333333333333,13.359999656677246
2024-09-12 09:40:00+05:30,2024-09-12 14:40:00+05:30,FLY,25050.0,162.71420443324814,208.62286401054706,-51.90865957729892,-31.901738239819082,TIME,60,False,2,25045.75,25258.3,iron_fly,100.0,0.9333333333333333,13.630000114440918
2024-09-18 09:40:00+05:30,2024-09-18 14:40:00+05:30,FLY,25450.0,195.3037056395283,180.37756309659767,8.92614254293062,4.570390773539948,TIME,60,False,2,25433.7,25336.4,iron_fly,100.0,1.9333333333333333,12.59000015258789
2024-09-19 09:45:00+05:30,2024-09-19 13:45:00+05:30,FLY,25600.0,162.22552017870794,219.00445224125573,-62.778932062547796,-38.69855494584971,SL,48,False,2,25581.85,25378.7,iron_fly,100.0,0.92,13.369999885559082
2024-09-25 09:40:00+05:30,2024-09-25 14:40:00+05:30,FLY,25950.0,204.359718510942,176.0677344391479,22.291984071794104,10.90820844451326,TIME,60,False,2,25939.5,25937.8,iron_fly,100.0,1.9333333333333333,13.390000343322754
2024-09-26 09:40:00+05:30,2024-09-26 14:40:00+05:30,FLY,26050.0,159.1173360379869,143.25901934207786,9.858316695909025,6.195627039378977,TIME,60,False,2,26031.15,26189.9,iron_fly,100.0,0.9333333333333333,12.739999771118164
2024-10-03 10:00:00+05:30,2024-10-03 13:05:00+05:30,FLY,25550.0,145.9494941072777,197.03181704482492,-57.08232293754722,-39.11101116636267,SL,37,False,2,25558.6,25356.05,iron_fly,100.0,0.88,11.989999771118164
2024-10-09 09:40:00+05:30,2024-10-09 14:40:00+05:30,FLY,25100.0,211.04443519272172,186.45698145908727,18.587453733634447,8.807365006644568,TIME,60,False,2,25086.55,25034.3,iron_fly,100.0,1.9333333333333333,14.59000015258789
2024-10-10 09:40:00+05:30,2024-10-10 14:25:00+05:30,FLY,25000.0,167.44236012520173,79.92865181367452,81.51370831152721,48.68165274938608,TP,57,False,2,25013.75,25023.3,iron_fly,100.0,0.9333333333333333,14.119999885559082
2024-10-16 09:40:00+05:30,2024-10-16 14:40:00+05:30,FLY,25100.0,197.74681813436746,174.40569089269206,17.341127241675395,8.769358417636957,TIME,60,False,2,25078.75,25023.9,iron_fly,100.0,1.9333333333333333,13.0
2024-10-23 09:40:00+05:30,2024-10-23 14:40:00+05:30,FLY,24400.0,207.04801991561635,179.46633626080916,21.581683654807193,10.423516082695665,TIME,60,False,2,24407.75,24429.5,iron_fly,100.0,1.9333333333333333,14.399999618530272
2024-10-24 09:40:00+05:30,2024-10-24 14:20:00+05:30,FLY,24350.0,168.61438683134952,82.70797546293616,79.90641136841336,47.390031698977666,TP,56,False,2,24362.2,24369.1,iron_fly,100.0,0.9333333333333333,14.619999885559082
2024-10-30 09:40:00+05:30,2024-10-30 14:40:00+05:30,FLY,24400.0,207.87914722747655,180.350027032046,21.52912019543055,10.356555952133002,TIME,60,False,2,24401.05,24359.05,iron_fly,100.0,1.9333333333333333,14.520000457763672
2024-10-31 09:40:00+05:30,2024-10-31 14:40:00+05:30,FLY,24250.0,175.58211081548006,76.37365046008418,93.20846035539589,53.08539686787854,TP,60,False,2,24261.35,24218.7,iron_fly,100.0,0.9333333333333333,15.510000228881836
2024-11-06 09:40:00+05:30,2024-11-06 14:40:00+05:30,FLY,24350.0,219.51285910677007,205.7529406701883,7.759918436581756,3.5350632615136988,TIME,60,False,2,24346.4,24470.85,iron_fly,100.0,1.9333333333333333,16.1200008392334
2024-11-13 09:40:00+05:30,2024-11-13 14:40:00+05:30,FLY,23750.0,205.87727309611955,211.42392160379978,-11.546648507680231,-5.608510514071826,TIME,60,False,2,23755.6,23560.75,iron_fly,100.0,1.9333333333333333,14.59000015258789
2024-11-14 09:40:00+05:30,2024-11-14 14:40:00+05:30,FLY,23600.0,171.87191833440693,87.03826373187658,78.83365460253034,45.86767598017127,TIME,60,False,2,23575.05,23536.7,iron_fly,100.0,0.9333333333333333,15.4399995803833
2024-11-27 09:40:00+05:30,2024-11-27 14:40:00+05:30,FLY,24150.0,213.32679057739324,204.09837397893034,3.2284165984629,1.5133666942275852,TIME,60,False,2,24167.15,24287.3,iron_fly,100.0,1.9333333333333333,15.3100004196167
2024-11-28 09:40:00+05:30,2024-11-28 12:35:00+05:30,FLY,24250.0,168.98640442578812,228.13164597481398,-65.14524154902585,-38.550581492273224,SL,35,False,2,24274.7,24015.85,iron_fly,100.0,0.9333333333333333,14.630000114440918
2024-12-04 09:40:00+05:30,2024-12-04 14:40:00+05:30,FLY,24550.0,207.4973575267336,184.15312177336295,17.34423575337064,8.35877428035971,TIME,60,False,2,24561.55,24470.8,iron_fly,100.0,1.9333333333333333,14.369999885559082
2024-12-05 09:40:00+05:30,2024-12-05 14:10:00+05:30,FLY,24450.0,168.29232079038002,227.19463306701303,-64.90231227663301,-38.565225063045766,SL,54,False,2,24473.15,24736.8,iron_fly,100.0,0.9333333333333333,14.449999809265137
2024-12-11 09:40:00+05:30,2024-12-11 14:40:00+05:30,FLY,24600.0,203.0616782985394,175.41046387017923,21.651214428360163,10.662383276734642,TIME,60,False,2,24617.55,24634.25,iron_fly,100.0,1.9333333333333333,13.779999732971191
2024-12-12 09:40:00+05:30,2024-12-12 14:40:00+05:30,FLY,24650.0,157.4658274115775,103.58429770002968,47.88152971154781,30.40756873959523,TIME,60,False,2,24650.2,24554.25,iron_fly,100.0,0.9333333333333333,13.270000457763672
2024-12-18 09:40:00+05:30,2024-12-18 14:40:00+05:30,FLY,24400.0,207.58420963454,222.0852565164019,-20.501046881861896,-9.87601461496266,TIME,60,False,2,24382.6,24183.45,iron_fly,100.0,1.9333333333333333,14.489999771118164
2024-12-19 09:45:00+05:30,2024-12-19 14:20:00+05:30,FLY,23950.0,163.39559529254325,78.56540588443605,78.8301894081072,48.24499048886216,TP,55,False,2,23957.9,23941.7,iron_fly,100.0,0.92,14.369999885559082
2024-12-26 09:40:00+05:30,2024-12-26 14:35:00+05:30,FLY,23800.0,152.5664947232301,75.63240054369308,70.93409417953703,46.49388734283901,TP,59,False,2,23805.8,23748.6,iron_fly,100.0,0.9333333333333333,13.18000030517578
2025-01-01 09:40:00+05:30,2025-01-01 14:40:00+05:30,FLY,23600.0,204.24615678450527,206.96699339524497,-8.720836610739696,-4.269767788062137,TIME,60,False,2,23610.6,23767.5,iron_fly,100.0,1.9333333333333333,14.449999809265137
2025-01-02 09:40:00+05:30,2025-01-02 13:00:00+05:30,FLY,23850.0,164.64335374772827,222.26852755943318,-63.62517381170491,-38.644240634938356,SL,40,False,2,23826.7,24061.0,iron_fly,100.0,0.9333333333333333,14.449999809265137
2025-01-08 09:40:00+05:30,2025-01-08 14:40:00+05:30,FLY,23650.0,205.92459402359327,179.59669039244295,20.32790363115032,9.871527841313265,TIME,60,False,2,23650.2,23694.95,iron_fly,100.0,1.9333333333333333,14.65999984741211
2025-01-09 09:40:00+05:30,2025-01-09 14:40:00+05:30,FLY,23600.0,163.36481689977836,95.51310221059103,61.85171468918733,37.861098774488475,TIME,60,False,2,23607.85,23517.5,iron_fly,100.0,0.9333333333333333,14.470000267028809
2025-01-15 09:40:00+05:30,2025-01-15 14:40:00+05:30,FLY,23200.0,210.29799748930645,181.5401193012026,22.75787818810386,10.821728432892513,TIME,60,False,2,23200.85,23211.9,iron_fly,100.0,1.9333333333333333,15.470000267028809
2025-01-16 09:40:00+05:30,2025-01-16 14:35:00+05:30,FLY,23350.0,169.02626458075724,80.99475500476402,82.03150957599323,48.53181236623748,TP,59,False,2,23326.6,23303.15,iron_fly,100.0,0.9333333333333333,15.260000228881836
2025-01-22 09:40:00+05:30,2025-01-22 14:40:00+05:30,FLY,23050.0,221.20356638922885,198.54049080052414,16.663075588704714,7.532914527871778,TIME,60,False,2,23069.05,23125.25,iron_fly,100.0,1.9333333333333333,17.059999465942383
2025-01-23 09:40:00+05:30,2025-01-23 14:25:00+05:30,FLY,23200.0,179.94780189273888,87.89182522886259,86.0559766638763,47.822744017274246,TP,57,False,2,23197.95,23224.75,iron_fly,100.0,0.9333333333333333,16.770000457763672
2025-01-29 09:40:00+05:30,2025-01-29 14:40:00+05:30,FLY,23050.0,227.99234896056487,208.5579856683255,13.434363292239368,5.892462336340536,TIME,60,False,2,23040.45,23144.85,iron_fly,100.0,1.9333333333333333,18.200000762939453
2025-01-30 09:40:00+05:30,2025-01-30 14:35:00+05:30,FLY,23200.0,193.54847317591998,92.59511377662093,94.95335939929905,49.059213870932524,TP,59,False,2,23204.15,23160.55,iron_fly,100.0,0.9333333333333333,18.63999938964844
2025-02-05 09:40:00+05:30,2025-02-05 14:40:00+05:30,FLY,23800.0,201.2851647442717,175.80963420329658,19.475530540975114,9.67559162430989,TIME,60,False,2,23797.55,23735.15,iron_fly,100.0,1.9333333333333333,14.020000457763672
2025-02-06 09:40:00+05:30,2025-02-06 14:40:00+05:30,FLY,23650.0,160.26608026566748,89.03958911737064,65.22649114829684,40.69887467152948,TIME,60,False,2,23660.2,23575.75,iron_fly,100.0,0.9333333333333333,14.079999923706056
2025-02-12 11:40:00+05:30,2025-02-12 14:40:00+05:30,FLY,23000.0,195.53712262055842,175.14714437429416,14.389978246264263,7.3592052769376926,TIME,36,False,2,23009.55,22991.45,iron_fly,100.0,1.6133333333333333,14.869999885559082
2025-02-13 09:40:00+05:30,2025-02-13 14:40:00+05:30,FLY,23100.0,165.10758211367136,92.73920918373906,66.36837292993229,40.19704733138165,TIME,60,False,2,23119.6,23022.2,iron_fly,100.0,0.9333333333333333,14.899999618530272
2025-02-19 09:40:00+05:30,2025-02-19 14:40:00+05:30,FLY,22900.0,210.73659322056665,181.46557570124878,23.271017519317866,11.042703672713046,TIME,60,False,2,22912.3,22880.85,iron_fly,100.0,1.9333333333333333,15.670000076293944
2025-02-20 09:40:00+05:30,2025-02-20 14:15:00+05:30,FLY,22900.0,167.81600711484134,83.3054086710512,78.51059844379014,46.783736422749634,TP,55,False,2,22881.25,22902.8,iron_fly,100.0,0.9333333333333333,15.420000076293944
2025-02-27 09:40:00+05:30,2025-02-27 14:10:00+05:30,FLY,22550.0,151.28981766054096,75.39486401122886,69.8949536493121,46.19937728138457,TP,54,False,2,22560.2,22544.1,iron_fly,100.0,0.9333333333333333,13.720000267028809
2025-03-06 11:00:00+05:30,2025-03-06 14:40:00+05:30,FLY,22400.0,134.2842558762311,141.3794630033457,-13.095207127114605,-9.751855898270286,TIME,44,False,2,22387.1,22539.0,iron_fly,100.0,0.72,13.670000076293944
2025-03-12 09:40:00+05:30,2025-03-12 14:40:00+05:30,FLY,22500.0,195.9311867093047,168.93525444757233,20.995932261732378,10.715972589337298,TIME,60,False,2,22481.0,22442.75,iron_fly,100.0,1.9333333333333333,14.06999969482422
2025-03-13 09:40:00+05:30,2025-03-13 14:40:00+05:30,FLY,22500.0,150.37619892678038,100.42863265099768,43.94756627578269,29.22508122258176,TIME,60,False,2,22490.15,22406.15,iron_fly,100.0,0.9333333333333333,13.6899995803833
2025-03-19 09:40:00+05:30,2025-03-19 14:40:00+05:30,FLY,22850.0,190.16601798067586,170.90414371197448,13.261874268701376,6.973840231564932,TIME,60,False,2,22857.65,22933.8,iron_fly,100.0,1.9333333333333333,13.210000038146973
2025-03-20 09:40:00+05:30,2025-03-20 14:40:00+05:30,FLY,23050.0,149.78212061735212,147.08499045410807,-3.3028698367559457,-2.205116220242185,TIME,60,False,2,23053.55,23195.0,iron_fly,100.0,0.9333333333333333,13.300000190734863
2025-03-26 09:40:00+05:30,2025-03-26 14:40:00+05:30,FLY,23650.0,197.37233289564392,184.86362448892191,6.508708406722008,3.297680232701783,TIME,60,False,2,23646.2,23525.3,iron_fly,100.0,1.9333333333333333,13.640000343322754
2025-03-27 09:45:00+05:30,2025-03-27 14:30:00+05:30,FLY,23550.0,153.38937354786037,75.80330306877786,71.58607047908251,46.669510946758194,TP,57,False,2,23527.75,23592.75,iron_fly,100.0,0.92,13.470000267028809
2025-04-02 09:40:00+05:30,2025-04-02 14:40:00+05:30,FLY,23250.0,196.81981410201706,172.2650818146285,18.55473228738856,9.427268474997714,TIME,60,False,2,23234.0,23308.75,iron_fly,100.0,1.9333333333333333,13.779999732971191
2025-04-03 09:40:00+05:30,2025-04-03 14:15:00+05:30,FLY,23250.0,154.57438804796732,76.66287777041398,71.91151027755333,46.52226748925433,TP,55,False,2,23244.8,23267.35,iron_fly,100.0,0.9333333333333333,13.720000267028809
2025-04-16 09:40:00+05:30,2025-04-16 14:40:00+05:30,FLY,23350.0,215.8286917001019,192.0004331126936,17.8282585874083,8.260374673530897,TIME,60,False,2,23357.7,23414.65,iron_fly,100.0,1.9333333333333333,16.1299991607666
2025-04-17 09:40:00+05:30,2025-04-17 12:10:00+05:30,FLY,23400.0,173.90109282914887,234.76647531935097,-66.86538249020211,-38.45023708729351,SL,30,False,2,23397.65,23634.45,iron_fly,100.0,0.9333333333333333,15.869999885559082
2025-04-23 09:40:00+05:30,2025-04-23 14:40:00+05:30,FLY,24300.0,213.43161950620015,184.630700710346,22.80091879585416,10.683008847801858,TIME,60,False,2,24320.65,24290.3,iron_fly,100.0,1.9333333333333333,15.229999542236328
2025-04-24 09:40:00+05:30,2025-04-24 14:20:00+05:30,FLY,24250.0,179.32182330620208,88.28564817411316,85.03617513208891,47.420985111714415,TP,56,False,2,24263.95,24254.85,iron_fly,100.0,0.9333333333333333,15.960000038146973
2025-04-30 09:40:00+05:30,2025-04-30 14:40:00+05:30,FLY,24350.0,227.72638056076175,201.2809871509653,20.445393409796452,8.978052239468685,TIME,60,False,2,24346.8,24339.45,iron_fly,100.0,1.9333333333333333,17.3700008392334
2025-05-07 09:50:00+05:30,2025-05-07 14:40:00+05:30,FLY,24350.0,236.74582288930378,215.28525742631427,15.460565462989507,6.530449101194266,TIME,58,False,2,24326.05,24414.7,iron_fly,100.0,1.9066666666666667,19.0
2025-05-08 09:40:00+05:30,2025-05-08 14:40:00+05:30,FLY,24400.0,202.14178801092567,102.25339343344288,93.88839457748279,46.446801278124724,TIME,60,False,2,24391.5,24338.2,iron_fly,100.0,0.9333333333333333,19.059999465942383
2025-05-14 09:50:00+05:30,2025-05-14 14:40:00+05:30,FLY,24700.0,233.4067979387437,211.6469095633879,15.759888375355786,6.7521119841127675,TIME,58,False,2,24706.15,24625.55,iron_fly,100.0,1.9066666666666667,18.200000762939453
2025-05-15 10:30:00+05:30,2025-05-15 13:10:00+05:30,FLY,24600.0,181.96867796692527,245.65771525534913,-69.68903728842386,-38.2972707539759,SL,32,False,2,24622.15,24886.3,iron_fly,100.0,0.8,17.229999542236328
2025-05-21 09:40:00+05:30,2025-05-21 14:40:00+05:30,FLY,24800.0,229.40851710645165,203.47396469648993,19.934552409961725,8.689543292201119,TIME,60,False,2,24796.65,24785.55,iron_fly,100.0,1.9333333333333333,17.389999389648438
2025-05-22 09:55:00+05:30,2025-05-22 14:40:00+05:30,FLY,24650.0,190.58522814125854,113.21717355663286,71.36805458462568,37.44679232523146,TIME,57,False,2,24629.65,24557.55,iron_fly,100.0,0.8933333333333333,17.549999237060547
2025-05-28 09:40:00+05:30,2025-05-28 14:40:00+05:30,FLY,24800.0,236.2391984892629,211.2958313155741,18.943367173688785,8.018723097111152,TIME,60,False,2,24807.25,24782.0,iron_fly,100.0,1.9333333333333333,18.540000915527344
2025-05-29 09:40:00+05:30,2025-05-29 14:35:00+05:30,FLY,24800.0,197.11979746119778,96.5965757855185,94.52322167567928,47.95217065616445,TP,59,False,2,24808.75,24755.95,iron_fly,100.0,0.9333333333333333,18.020000457763672
2025-06-04 09:40:00+05:30,2025-06-04 14:40:00+05:30,FLY,24550.0,223.29844214273498,200.41795283342572,16.88048930930927,7.559609080711392,TIME,60,False,2,24553.85,24615.15,iron_fly,100.0,1.9333333333333333,16.559999465942383
2025-06-05 09:40:00+05:30,2025-06-05 14:25:00+05:30,FLY,24750.0,179.65687392130826,86.8576832914845,86.79919062982376,48.313871178590574,TP,57,False,2,24747.15,24729.85,iron_fly,100.0,0.9333333333333333,15.75
2025-06-11 09:40:00+05:30,2025-06-11 14:40:00+05:30,FLY,25150.0,206.76626100561452,178.25536086065927,22.510900144955258,10.887124444516601,TIME,60,False,2,25126.2,25135.2,iron_fly,100.0,1.9333333333333333,14.020000457763672
2025-06-12 09:40:00+05:30,2025-06-12 13:50:00+05:30,FLY,25100.0,163.44036416211657,220.6444916188574,-63.20412745674082,-38.671063773480476,SL,50,False,2,25103.5,24898.55,iron_fly,100.0,0.9333333333333333,13.670000076293944
2025-06-18 10:20:00+05:30,2025-06-18 14:40:00+05:30,FLY,24900.0,206.12863407443183,192.0178960022198,8.11073807221203,3.9347944591158988,TIME,52,False,2,24878.7,24787.05,iron_fly,100.0,1.8266666666666667,14.399999618530272
2025-06-19 09:40:00+05:30,2025-06-19 14:20:00+05:30,FLY,24850.0,167.6798134494329,82.13681507191941,79.5429983775135,47.437432533583554,TP,56,False,2,24839.6,24830.2,iron_fly,100.0,0.9333333333333333,14.279999732971191
2025-06-25 09:40:00+05:30,2025-06-25 14:40:00+05:30,FLY,25200.0,203.67836115107457,178.12648704002618,19.55187411104839,9.599386994549784,TIME,60,False,2,25188.25,25245.85,iron_fly,100.0,1.9333333333333333,13.640000343322754
2025-06-26 09:40:00+05:30,2025-06-26 14:40:00+05:30,FLY,25350.0,157.80372185698002,157.78581295765795,-5.982091100677934,-3.7908428459625285,TIME,60,False,2,25347.1,25505.6,iron_fly,100.0,0.9333333333333333,12.960000038146973
2025-07-02 09:40:00+05:30,2025-07-02 14:40:00+05:30,FLY,25550.0,195.1208628400882,191.66985540433643,-2.5489925642482376,-1.3063659760141955,TIME,60,False,2,25535.9,25398.3,iron_fly,100.0,1.9333333333333333,12.529999732971191
2025-07-03 09:40:00+05:30,2025-07-03 14:15:00+05:30,FLY,25500.0,153.49591087088538,75.65827255791228,71.8376383129731,46.801011118400446,TP,55,False,2,25497.2,25484.5,iron_fly,100.0,0.9333333333333333,12.449999809265137
2025-07-09 09:40:00+05:30,2025-07-09 14:40:00+05:30,FLY,25500.0,191.78577763004614,163.12068415980275,22.66509347024339,11.817921928478059,TIME,60,False,2,25483.85,25469.45,iron_fly,100.0,1.9333333333333333,12.199999809265137
2025-07-10 09:40:00+05:30,2025-07-10 14:25:00+05:30,FLY,25450.0,148.12286074795804,73.21830396163605,68.90455678632199,46.51851607400979,TP,57,False,2,25438.55,25411.35,iron_fly,100.0,0.9333333333333333,11.9399995803833
2025-07-16 09:40:00+05:30,2025-07-16 14:40:00+05:30,FLY,25150.0,183.3358217231248,165.77680991797826,11.559011805146554,6.304829954400872,TIME,60,False,2,25154.1,25233.85,iron_fly,100.0,1.9333333333333333,11.479999542236328
2025-07-17 09:40:00+05:30,2025-07-17 14:40:00+05:30,FLY,25200.0,139.58694666498286,74.60828628317486,58.978660381808,42.252274865901576,TIME,60,False,2,25191.15,25138.45,iron_fly,100.0,0.9333333333333333,11.239999771118164
2025-07-23 09:40:00+05:30,2025-07-23 14:40:00+05:30,FLY,25100.0,175.07654627462125,167.86094421633558,1.2156020582856684,0.6943260443228653,TIME,60,False,2,25096.9,25210.4,iron_fly,100.0,1.9333333333333333,10.75
2025-07-24 09:40:00+05:30,2025-07-24 12:05:00+05:30,FLY,25200.0,131.818452684524,177.9549111241074,-52.13645843958341,-39.5517147848485,SL,29,False,2,25187.15,25038.4,iron_fly,100.0,0.9333333333333333,10.520000457763672
2025-07-30 09:40:00+05:30,2025-07-30 14:40:00+05:30,FLY,24900.0,182.69109791669825,153.2542137416499,23.436884175048363,12.828695236007007,TIME,60,False,2,24877.2,24872.35,iron_fly,100.0,1.9333333333333333,11.529999732971191
2025-07-31 09:40:00+05:30,2025-07-31 12:50:00+05:30,FLY,24700.0,137.31457256852764,185.3746729675123,-54.06010039898467,-39.36952894930774,SL,38,False,2,24707.95,24876.15,iron_fly,100.0,0.9333333333333333,11.210000038146973
2025-08-06 09:40:00+05:30,2025-08-06 14:40:00+05:30,FLY,24600.0,184.15838624267735,154.7365960544745,23.421790188202863,12.718285963550127,TIME,60,False,2,24621.05,24560.4,iron_fly,100.0,1.9333333333333333,11.710000038146973
2025-08-07 09:40:00+05:30,2025-08-07 14:25:00+05:30,FLY,24500.0,143.99743924058635,68.4292570516449,69.56818218894145,48.31209676771345,TP,57,False,2,24504.55,24469.65,iron_fly,100.0,0.9333333333333333,11.960000038146973
2025-08-13 09:40:00+05:30,2025-08-13 14:40:00+05:30,FLY,24550.0,189.02693551198809,172.44780013957092,10.57913537241717,5.596628514218409,TIME,60,False,2,24570.15,24643.35,iron_fly,100.0,1.9333333333333333,12.229999542236328
2025-08-14 09:40:00+05:30,2025-08-14 14:15:00+05:30,FLY,24650.0,146.66430640669682,72.85942437377017,67.80488203292666,46.23134537240796,TP,55,False,2,24657.55,24625.75,iron_fly,100.0,0.9333333333333333,12.140000343322754
2025-08-20 09:40:00+05:30,2025-08-20 14:40:00+05:30,FLY,24950.0,186.1922434527596,180.25378588024932,-0.06154242748971228,-0.03305316394951045,TIME,60,False,2,24966.85,25074.45,iron_fly,100.0,1.9333333333333333,11.789999961853027
2025-08-21 09:40:00+05:30,2025-08-21 14:40:00+05:30,FLY,25050.0,145.1246240300825,73.87041562967025,65.25420840041224,44.96425664254322,TIME,60,False,2,25060.1,25105.7,iron_fly,100.0,0.9333333333333333,11.789999961853027
2025-08-28 09:50:00+05:30,2025-08-28 14:20:00+05:30,FLY,24600.0,144.91169203751917,68.82630770960387,70.0853843279153,48.364202599863,TP,54,False,2,24596.65,24587.75,iron_fly,100.0,0.9066666666666666,12.1899995803833
2025-09-01 09:40:00+05:30,2025-09-01 14:40:00+05:30,FLY,24550.0,183.36034409461718,161.3233894175844,16.03695467703278,8.746141242381956,TIME,60,False,2,24535.8,24615.4,iron_fly,100.0,1.9333333333333333,11.75
2025-09-02 09:40:00+05:30,2025-09-02 14:40:00+05:30,FLY,24700.0,137.8335729097745,111.15084120826182,20.682731701512665,15.0055833748513,TIME,60,False,2,24688.75,24590.95,iron_fly,100.0,0.9333333333333333,11.289999961853027
2025-09-08 09:40:00+05:30,2025-09-08 14:40:00+05:30,FLY,24850.0,174.34933106196036,145.72738506766473,22.62194599429563,12.975068993098821,TIME,60,False,2,24829.05,24872.65,iron_fly,100.0,1.9333333333333333,10.779999732971191
2025-09-09 09:40:00+05:30,2025-09-09 14:15:00+05:30,FLY,24850.0,133.8878068107657,65.71212221954411,62.1756845912216,46.43864596206243,TP,55,False,2,24854.75,24869.8,iron_fly,100.0,0.9333333333333333,10.84000015258789
2025-09-15 09:40:00+05:30,2025-09-15 14:40:00+05:30,FLY,25100.0,167.72909956896297,137.75727557845664,23.971823990506323,14.291988719971721,TIME,60,False,2,25090.45,25094.85,iron_fly,100.0,1.9333333333333333,10.119999885559082
2025-09-16 09:40:00+05:30,2025-09-16 14:40:00+05:30,FLY,25150.0,130.31381778398702,72.98623655166685,51.32758123232017,39.387673621382696,TIME,60,False,2,25135.45,25211.35,iron_fly,100.0,0.9333333333333333,10.399999618530272
2025-09-22 09:40:00+05:30,2025-09-22 14:40:00+05:30,FLY,25300.0,167.62382601360173,160.68757426949816,0.936251744103572,0.5585433564961109,TIME,60,False,2,25314.2,25178.95,iron_fly,100.0,1.9333333333333333,9.970000267028809
2025-09-23 09:40:00+05:30,2025-09-23 14:40:00+05:30,FLY,25150.0,131.95268381919948,79.88978858711326,46.06289523208622,34.908645962215694,TIME,60,False,2,25145.85,25220.5,iron_fly,100.0,0.9333333333333333,10.5600004196167
2025-09-29 09:40:00+05:30,2025-09-29 14:40:00+05:30,FLY,24750.0,181.03809168173984,155.4982674218088,19.539824259931038,10.793211571342416,TIME,60,False,2,24750.8,24688.75,iron_fly,100.0,1.9333333333333333,11.43000030517578
2025-09-30 09:40:00+05:30,2025-09-30 14:20:00+05:30,FLY,24650.0,138.4583881244033,67.62440636709508,64.83398175730824,46.82560777686913,TP,56,False,2,24649.85,24620.85,iron_fly,100.0,0.9333333333333333,11.369999885559082
2025-10-06 09:40:00+05:30,2025-10-06 14:40:00+05:30,FLY,24950.0,166.4144558098369,163.77071089773514,-3.3562550878982336,-2.016805013461963,TIME,60,False,2,24944.8,25064.95,iron_fly,100.0,1.9333333333333333,10.0600004196167
2025-10-07 09:40:00+05:30,2025-10-07 14:25:00+05:30,FLY,25150.0,127.82030622793809,56.32007185281727,65.50023437512081,51.24399738044456,TP,57,False,2,25146.05,25153.25,iron_fly,100.0,0.9333333333333333,10.1899995803833
2025-10-13 09:40:00+05:30,2025-10-13 14:40:00+05:30,FLY,25200.0,168.86971764421514,143.30569076702295,19.56402687719219,11.585278373243247,TIME,60,False,2,25216.25,25245.85,iron_fly,100.0,1.9333333333333333,10.100000381469728
2025-10-14 09:40:00+05:30,2025-10-14 12:40:00+05:30,FLY,25250.0,137.42213178468307,185.51987790932216,-54.09774612463909,-39.36610895354249,SL,36,False,2,25236.85,25066.3,iron_fly,100.0,0.9333333333333333,11.010000228881836
2025-10-20 09:40:00+05:30,2025-10-20 14:40:00+05:30,FLY,25850.0,187.491219899337,158.95189704596714,22.539322853369868,12.021535123335966,TIME,60,False,2,25840.9,25817.35,iron_fly,100.0,1.9333333333333333,11.630000114440918
2025-10-27 09:40:00+05:30,2025-10-27 14:40:00+05:30,FLY,25950.0,187.46926256526967,158.91764059894103,22.55162196632864,12.029503747835474,TIME,60,False,2,25937.2,25967.05,iron_fly,100.0,1.9333333333333333,11.59000015258789
2025-10-28 09:40:00+05:30,2025-10-28 14:40:00+05:30,FLY,26000.0,150.8535261246967,172.71308570657683,-27.85955958188012,-18.467953847397105,TIME,60,False,2,26019.5,25826.75,iron_fly,100.0,0.9333333333333333,11.859999656677246
2025-11-03 09:40:00+05:30,2025-11-03 14:40:00+05:30,FLY,25700.0,193.06070566373273,172.19017072564282,14.870534938089918,7.702517654727194,TIME,60,False,2,25723.25,25776.9,iron_fly,100.0,1.9333333333333333,12.149999618530272
2025-11-04 09:40:00+05:30,2025-11-04 14:40:00+05:30,FLY,25700.0,157.5046620443601,99.13638007931141,52.36828196504868,33.24871866351455,TIME,60,False,2,25718.6,25609.9,iron_fly,100.0,0.9333333333333333,12.670000076293944
2025-11-10 09:40:00+05:30,2025-11-10 14:40:00+05:30,FLY,25550.0,195.55501416382594,170.83463471904395,18.720379444781997,9.572947809509515,TIME,60,False,2,25552.75,25602.75,iron_fly,100.0,1.9333333333333333,12.5600004196167
2025-11-11 09:40:00+05:30,2025-11-11 14:40:00+05:30,FLY,25550.0,152.52991628772975,118.65743169689645,27.872484590833295,18.273454328956117,TIME,60,False,2,25529.65,25663.45,iron_fly,100.0,0.9333333333333333,12.300000190734863
2025-11-17 09:40:00+05:30,2025-11-17 14:40:00+05:30,FLY,25950.0,191.89724884453972,163.77011715059848,22.127131693941237,11.530718562759034,TIME,60,False,2,25971.4,25981.15,iron_fly,100.0,1.9333333333333333,11.9399995803833
2025-11-18 09:40:00+05:30,2025-11-18 14:20:00+05:30,FLY,25950.0,148.92560578306598,74.06432568083292,68.86128010223305,46.238710757732655,TP,56,False,2,25952.05,25979.85,iron_fly,100.0,0.9333333333333333,11.789999961853027
2025-11-24 09:40:00+05:30,2025-11-24 14:40:00+05:30,FLY,26050.0,207.57653312497632,179.01815293436243,22.55838019061389,10.867500218356613,TIME,60,False,2,26074.9,26025.7,iron_fly,100.0,1.9333333333333333,13.630000114440918
2025-11-25 09:40:00+05:30,2025-11-25 14:25:00+05:30,FLY,25950.0,164.12463768416978,78.00330142199564,80.12133626217414,48.81737281659939,TP,57,False,2,25969.1,25973.65,iron_fly,100.0,0.9333333333333333,13.239999771118164
2025-12-01 09:40:00+05:30,2025-12-01 14:40:00+05:30,FLY,26300.0,189.13096340727543,179.4357722536489,3.6951911536265243,1.953773769802718,TIME,60,False,2,26287.25,26172.5,iron_fly,100.0,1.9333333333333333,11.619999885559082
2025-12-02 09:40:00+05:30,2025-12-02 14:40:00+05:30,FLY,26100.0,148.1622712682513,96.9237024538601,45.238568814391186,30.533123194693534,TIME,60,False,2,26079.3,26010.0,iron_fly,100.0,0.9333333333333333,11.630000114440918
2025-12-08 09:40:00+05:30,2025-12-08 14:40:00+05:30,FLY,26150.0,174.49033796059985,212.9093213353641,-44.41898337476425,-25.456414317218023,TIME,60,False,2,26130.35,25928.7,iron_fly,100.0,1.9333333333333333,10.31999969482422
2025-12-09 09:40:00+05:30,2025-12-09 14:40:00+05:30,FLY,25750.0,141.3905474197253,86.12865388310539,49.26189353661991,34.8410091308179,TIME,60,False,2,25760.1,25826.0,iron_fly,100.0,0.9333333333333333,11.130000114440918
2025-12-15 09:40:00+05:30,2025-12-15 14:40:00+05:30,FLY,25900.0,171.94572299459082,175.72873615680925,-9.783013162218424,-5.6895937810132,TIME,60,False,2,25917.15,26035.65,iron_fly,100.0,1.9333333333333333,10.109999656677246
2025-12-16 09:40:00+05:30,2025-12-16 14:40:00+05:30,FLY,25950.0,132.61184421632595,88.98063860564199,37.63120561068396,28.37695669875252,TIME,60,False,2,25926.65,25865.9,iron_fly,100.0,0.9333333333333333,10.25
2025-12-22 09:40:00+05:30,2025-12-22 14:40:00+05:30,FLY,26100.0,166.26714762810957,143.63825033518071,16.628897292928855,10.001312664677918,TIME,60,False,2,26124.2,26159.25,iron_fly,100.0,1.9333333333333333,9.520000457763672
2025-12-23 09:40:00+05:30,2025-12-23 14:40:00+05:30,FLY,26100.0,128.19046027732531,76.1439010246003,46.04655925272502,35.92042586718901,TIME,60,False,2,26124.5,26167.2,iron_fly,100.0,0.9333333333333333,9.68000030517578
2025-12-29 09:40:00+05:30,2025-12-29 14:40:00+05:30,FLY,26100.0,159.93186553841133,176.79774304403716,-22.865877505625832,-14.297261792481288,TIME,60,False,2,26080.4,25936.1,iron_fly,100.0,1.9333333333333333,9.149999618530272
2025-12-30 09:40:00+05:30,2025-12-30 14:10:00+05:30,FLY,25950.0,125.93296439213998,61.502662907862394,58.43030148427758,46.39794017897705,TP,54,False,2,25939.75,25943.6,iron_fly,100.0,0.9333333333333333,9.720000267028809
2026-01-05 09:40:00+05:30,2026-01-05 14:40:00+05:30,FLY,26300.0,164.6051498947454,137.38834985165977,21.21680004308564,12.88951169307427,TIME,60,False,2,26279.25,26257.15,iron_fly,100.0,1.9333333333333333,9.449999809265137
2026-01-06 09:40:00+05:30,2026-01-06 14:40:00+05:30,FLY,26200.0,130.52802511797654,65.07577297258504,59.4522521453915,45.547499927051014,TP,60,False,2,26199.35,26149.7,iron_fly,100.0,0.9333333333333333,10.020000457763672
2026-01-12 09:40:00+05:30,2026-01-12 14:40:00+05:30,FLY,25550.0,179.25635582768768,215.58688505772298,-42.330529230035296,-23.61452068719171,TIME,60,False,2,25557.6,25760.8,iron_fly,100.0,1.9333333333333333,10.93000030517578
2026-01-13 10:25:00+05:30,2026-01-13 14:20:00+05:30,FLY,25800.0,135.75627791512534,183.27097518541922,-53.51469727029388,-39.419685109333365,SL,47,False,2,25799.45,25615.25,iron_fly,100.0,0.8133333333333334,11.369999885559082
2026-01-19 09:40:00+05:30,2026-01-19 14:40:00+05:30,FLY,25550.0,184.29548781379754,161.77038347693417,16.525104336863365,8.966635338114983,TIME,60,False,2,25565.6,25614.9,iron_fly,100.0,1.9333333333333333,11.369999885559082
2026-01-20 09:40:00+05:30,2026-01-20 14:40:00+05:30,FLY,25450.0,147.8946180670472,109.67258922327656,32.22202884377063,21.78715443800866,TIME,60,False,2,25467.5,25344.15,iron_fly,100.0,0.9333333333333333,11.829999923706056
2026-01-23 09:40:00+05:30,2026-01-23 14:40:00+05:30,FLY,25300.0,201.57239233613973,219.2253925844003,-23.653000248260582,-11.734245932258977,TIME,60,False,2,25285.7,25083.65,iron_fly,100.0,1.9333333333333333,13.350000381469728
2026-01-27 09:40:00+05:30,2026-01-27 14:40:00+05:30,FLY,25150.0,168.3003682669107,85.42373329741659,76.87663496949412,45.67823336403758,TIME,60,False,2,25147.6,25087.6,iron_fly,100.0,0.9333333333333333,14.1899995803833
2026-02-02 09:40:00+05:30,2026-02-02 14:40:00+05:30,FLY,24850.0,202.69205871143413,187.5341876406925,9.157871070741635,4.518120309675965,TIME,60,False,2,24865.05,24955.4,iron_fly,100.0,1.9333333333333333,13.630000114440918
2026-02-09 09:40:00+05:30,2026-02-09 14:40:00+05:30,FLY,25800.0,190.4243166038309,164.6693613036166,19.754955300214306,10.374176813412747,TIME,60,False,2,25793.05,25843.8,iron_fly,100.0,1.9333333333333333,11.9399995803833
2026-02-10 09:40:00+05:30,2026-02-10 14:15:00+05:30,FLY,25950.0,152.9790017054513,74.68410344415534,72.29489826129597,47.25805336375116,TP,55,False,2,25949.4,25943.0,iron_fly,100.0,0.9333333333333333,12.1899995803833
2026-02-13 09:40:00+05:30,2026-02-13 14:40:00+05:30,FLY,25550.0,187.7575861541959,159.12225373913952,22.635332415056382,12.055615370165187,TIME,60,False,2,25560.85,25511.75,iron_fly,100.0,1.9333333333333333,11.729999542236328
2026-02-16 09:40:00+05:30,2026-02-16 14:40:00+05:30,FLY,25450.0,161.811726088461,196.97979777896546,-41.16807169050446,-25.441958185402612,TIME,60,False,2,25460.75,25646.25,iron_fly,100.0,0.9333333333333333,13.289999961853027
2026-02-23 09:40:00+05:30,2026-02-23 14:40:00+05:30,FLY,25750.0,211.65484040373758,189.13892260485704,16.515917798880537,7.803231793506804,TIME,60,False,2,25730.25,25670.05,iron_fly,100.0,1.9333333333333333,14.359999656677246
2026-02-27 09:40:00+05:30,2026-02-27 14:40:00+05:30,FLY,25350.0,199.67312779175563,173.14340100335994,20.529726788395692,10.281667350754722,TIME,60,False,2,25364.4,25293.8,iron_fly,100.0,1.9333333333333333,13.0600004196167
2026-03-02 12:10:00+05:30,2026-03-02 14:40:00+05:30,FLY,24750.0,128.53692747685983,121.49511658088355,1.0418108959762833,0.8105148585909973,TIME,30,False,2,24744.55,24864.85,iron_fly,100.0,0.5333333333333333,13.699999809265137
2026-03-17 09:40:00+05:30,2026-03-17 14:40:00+05:30,FLY,23450.0,213.20683972122242,152.59233117114928,54.61450855007314,25.615739448830098,TIME,60,False,2,23453.15,23587.1,iron_fly,100.0,0.9333333333333333,21.600000381469727
2026-04-10 09:40:00+05:30,2026-04-10 14:40:00+05:30,FLY,23950.0,243.36449036566955,219.9335909792767,17.430899386392866,7.162466208690474,TIME,60,False,2,23948.15,23982.7,iron_fly,100.0,1.9333333333333333,20.43000030517578
2026-04-13 09:40:00+05:30,2026-04-13 14:40:00+05:30,FLY,23650.0,197.2605265139955,215.5679920477565,-24.30746553376099,-12.322518835027235,TIME,60,False,2,23633.5,23866.35,iron_fly,100.0,0.9333333333333333,18.850000381469727
2026-04-20 09:40:00+05:30,2026-04-20 14:40:00+05:30,FLY,24300.0,226.5928981053221,208.6233978024468,11.969500302875304,5.282381046784524,TIME,60,False,2,24302.75,24401.25,iron_fly,100.0,1.9333333333333333,17.209999084472656
2026-04-21 09:40:00+05:30,2026-04-21 14:40:00+05:30,FLY,24450.0,200.94567857339825,113.87857631355105,81.0671022598472,40.342794547948586,TIME,60,False,2,24466.6,24535.45,iron_fly,100.0,0.9333333333333333,18.790000915527344
2026-04-27 09:40:00+05:30,2026-04-27 14:40:00+05:30,FLY,24050.0,240.02822535255746,217.8791557800505,16.14906957250696,6.727987739269804,TIME,60,False,2,24045.4,24110.65,iron_fly,100.0,1.9333333333333333,19.709999084472656
2026-04-28 09:40:00+05:30,2026-04-28 14:40:00+05:30,FLY,24150.0,196.62046483827407,131.47673086329928,59.14373397497479,30.08015163814316,TIME,60,False,2,24128.3,24032.2,iron_fly,100.0,0.9333333333333333,18.3799991607666
2026-05-04 10:20:00+05:30,2026-05-04 14:40:00+05:30,FLY,24150.0,231.17633012881834,209.39903517991934,15.777294948898998,6.824788221228108,TIME,52,False,2,24151.4,24096.0,iron_fly,100.0,1.8266666666666667,18.459999084472656
2026-05-05 09:40:00+05:30,2026-05-05 14:30:00+05:30,FLY,24000.0,195.41398719382937,97.32801554787216,92.08597164595722,47.12353141570054,TP,58,False,2,24013.75,24036.15,iron_fly,100.0,0.9333333333333333,18.299999237060547
2026-05-11 09:40:00+05:30,2026-05-11 14:40:00+05:30,FLY,23850.0,222.78252791048544,199.47063537034978,17.31189254013566,7.770758641849876,TIME,60,False,2,23865.65,23916.35,iron_fly,100.0,1.9333333333333333,16.84000015258789
2026-05-12 09:40:00+05:30,2026-05-12 14:40:00+05:30,FLY,23650.0,195.13269837093821,187.45828196894553,1.674416401992687,0.85809114308956,TIME,60,False,2,23640.65,23463.6,iron_fly,100.0,0.9333333333333333,18.549999237060547
2026-05-18 10:15:00+05:30,2026-05-18 14:40:00+05:30,FLY,23400.0,230.644226300612,234.51017320478775,-9.865946904175757,-4.2775607533816595,TIME,53,False,2,23384.9,23602.95,iron_fly,100.0,1.8399999999999999,18.790000915527344
2026-05-19 09:40:00+05:30,2026-05-19 14:40:00+05:30,FLY,23750.0,202.75062301585695,117.84993901895204,78.9006839969049,38.91513763226964,TIME,60,False,2,23749.2,23657.2,iron_fly,100.0,0.9333333333333333,19.6299991607666
2026-05-25 09:40:00+05:30,2026-05-25 14:40:00+05:30,FLY,23950.0,229.61196899086372,206.17136221910027,17.44060677176344,7.595687127467386,TIME,60,False,2,23947.5,24007.8,iron_fly,100.0,1.9333333333333333,17.90999984741211
2026-05-26 09:40:00+05:30,2026-05-26 14:40:00+05:30,FLY,24050.0,184.03049211458688,155.4870164295864,22.543475685000487,12.24985893694386,TIME,60,False,2,24062.3,23898.2,iron_fly,100.0,0.9333333333333333,16.700000762939453
2026-06-01 09:40:00+05:30,2026-06-01 14:40:00+05:30,FLY,23600.0,217.18794356718308,216.31070238649613,-5.122758819313049,-2.3586755025047776,TIME,60,False,2,23576.7,23417.3,iron_fly,100.0,1.9333333333333333,16.190000534057617
2026-06-02 09:40:00+05:30,2026-06-02 14:20:00+05:30,FLY,23300.0,178.73920126455914,241.29792170715487,-68.55872044259573,-38.35684615213155,SL,56,False,2,23301.95,23541.95,iron_fly,100.0,0.9333333333333333,16.540000915527344
2026-06-08 09:40:00+05:30,2026-06-08 14:40:00+05:30,FLY,23150.0,212.5980027545047,184.86100899443682,21.73699376006789,10.224458122105903,TIME,60,False,2,23159.15,23179.9,iron_fly,100.0,1.9333333333333333,15.789999961853027
2026-06-09 09:40:00+05:30,2026-06-09 14:20:00+05:30,FLY,23200.0,181.91735555916807,90.0251881131102,85.89216744605787,47.21493844391427,TP,56,False,2,23196.8,23195.15,iron_fly,100.0,0.9333333333333333,17.030000686645508
2026-06-15 09:40:00+05:30,2026-06-15 14:40:00+05:30,FLY,23950.0,207.9980306351008,179.03760385768805,22.96042677741275,11.03877123610518,TIME,60,False,2,23965.7,23924.2,iron_fly,100.0,1.9333333333333333,14.720000267028809
2026-06-16 09:40:00+05:30,2026-06-16 14:40:00+05:30,FLY,23900.0,164.3417268078498,85.80447424447121,72.53725256337859,44.13806156983489,TIME,60,False,2,23917.85,23964.85,iron_fly,100.0,0.9333333333333333,14.350000381469728
2026-06-22 09:40:00+05:30,2026-06-22 14:40:00+05:30,FLY,24100.0,193.5850240014779,165.72945731605603,21.855566685421877,11.28990571360263,TIME,60,False,2,24108.75,24134.65,iron_fly,100.0,1.9333333333333333,12.970000267028809
2026-06-23 09:40:00+05:30,2026-06-23 13:30:00+05:30,FLY,24100.0,151.33964547020798,204.3085213847808,-58.968875914572806,-38.964592345487645,SL,46,False,2,24115.5,23869.95,iron_fly,100.0,0.9333333333333333,12.84000015258789
2026-06-29 09:40:00+05:30,2026-06-29 14:40:00+05:30,FLY,24100.0,194.02488717250026,185.6175097812345,2.4073773912657543,1.2407570113031148,TIME,60,False,2,24094.0,23964.25,iron_fly,100.0,1.9333333333333333,13.050000190734863
2026-06-30 11:10:00+05:30,2026-06-30 14:30:00+05:30,FLY,23950.0,139.39954286209024,68.87403433504224,64.525508527048,46.28817799702824,TP,40,False,2,23938.05,23942.85,iron_fly,100.0,0.6933333333333334,13.609999656677246
2026-07-06 09:40:00+05:30,2026-07-06 14:40:00+05:30,FLY,24350.0,183.87038103250666,157.39668376333805,20.47369726916861,11.13485334299114,TIME,60,False,2,24368.9,24397.1,iron_fly,100.0,1.9333333333333333,11.800000190734863
2026-07-07 09:40:00+05:30,2026-07-07 14:10:00+05:30,FLY,24450.0,142.5469598503572,71.09277609815254,65.45418375220467,45.917628703493286,TP,54,False,2,24459.2,24461.4,iron_fly,100.0,0.9333333333333333,11.81999969482422
2026-07-13 09:40:00+05:30,2026-07-13 14:40:00+05:30,FLY,24100.0,186.5922618447603,181.99496775052756,-1.4027059057672773,-0.7517492375617862,TIME,60,False,2,24075.0,24227.95,iron_fly,100.0,1.9333333333333333,12.25
2026-07-14 09:40:00+05:30,2026-07-14 14:30:00+05:30,FLY,24100.0,154.8563321644491,75.44090879483284,73.41542336961626,47.408731915239365,TP,58,False,2,24100.2,24057.3,iron_fly,100.0,0.9333333333333333,13.279999732971191
2026-07-20 09:40:00+05:30,2026-07-20 14:40:00+05:30,FLY,24150.0,195.94618451144652,176.73091523492076,13.21526927652576,6.7443361091594864,TIME,60,False,2,24171.45,24237.1,iron_fly,100.0,1.9333333333333333,13.149999618530272
2026-07-21 09:40:00+05:30,2026-07-21 14:40:00+05:30,FLY,24250.0,152.77008240224427,88.62954221526925,58.14054018697502,38.05754325240902,TIME,60,False,2,24236.95,24173.0,iron_fly,100.0,0.9333333333333333,12.979999542236328
2026-07-27 09:40:00+05:30,2026-07-27 14:40:00+05:30,FLY,23950.0,202.0490423807214,175.87856834792933,20.17047403279207,9.982959481087175,TIME,60,False,2,23951.05,23996.25,iron_fly,100.0,1.9333333333333333,14.029999732971191
2026-07-28 09:40:00+05:30,2026-07-28 14:10:00+05:30,FLY,24000.0,149.31024920809068,74.05810501363922,69.25214419445146,46.38137338980404,TP,54,False,2,24018.05,23993.7,iron_fly,100.0,0.9333333333333333,12.65999984741211
2026-08-03 09:40:00+05:30,2026-08-03 14:40:00+05:30,FLY,24550.0,183.81447992893845,157.98133865221337,19.833141276725087,10.789760025647848,TIME,60,False,2,24558.05,24597.55,iron_fly,100.0,1.9333333333333333,11.760000228881836
2026-08-04 09:40:00+05:30,2026-08-04 14:40:00+05:30,FLY,24600.0,145.53128288862683,143.5525084652194,-4.02122557659257,-2.763134837250051,TIME,60,False,2,24623.6,24456.65,iron_fly,100.0,0.9333333333333333,11.93000030517578
2026-08-10 09:40:00+05:30,2026-08-10 14:40:00+05:30,FLY,24500.0,188.19582277843165,166.43334894579527,15.762473832636374,8.375570509444296,TIME,60,False,2,24521.15,24572.5,iron_fly,100.0,1.9333333333333333,12.15999984741211
2026-08-11 09:40:00+05:30,2026-08-11 14:40:00+05:30,FLY,24500.0,147.1138658908443,71.49585146233531,69.61801442850899,47.32253755071887,TP,60,False,2,24479.25,24448.05,iron_fly,100.0,0.9333333333333333,12.25
2026-08-17 09:40:00+05:30,2026-08-17 14:40:00+05:30,FLY,24300.0,177.8254943471261,150.4200786485236,21.405415698602496,12.037315446354297,TIME,60,False,2,24301.35,24335.4,iron_fly,100.0,1.9333333333333333,11.3100004196167
2026-08-18 09:40:00+05:30,2026-08-18 14:05:00+05:30,FLY,24200.0,137.67726775479673,68.81617555255107,62.86109220224566,45.658294377399535,TP,53,False,2,24224.55,24195.95,iron_fly,100.0,0.9333333333333333,11.329999923706056
2026-08-24 09:40:00+05:30,2026-08-24 14:40:00+05:30,FLY,24300.0,176.52164758587924,172.7885086690796,-2.2668610832003537,-1.2841830530147909,TIME,60,False,2,24281.65,24165.25,iron_fly,100.0,1.9333333333333333,11.199999809265137
2026-08-25 09:40:00+05:30,2026-08-25 14:10:00+05:30,FLY,24150.0,137.91233263782726,67.92152097812541,63.99081165970185,46.39962970371088,TP,54,False,2,24154.85,24154.2,iron_fly,100.0,0.9333333333333333,11.529999732971191
2026-08-31 09:40:00+05:30,2026-08-31 14:40:00+05:30,FLY,24000.0,170.8932564840809,145.98826986496556,18.904986619115334,11.06245325770147,TIME,60,False,2,24024.6,24054.1,iron_fly,100.0,1.9333333333333333,10.68000030517578
2026-09-01 09:40:00+05:30,2026-09-01 14:40:00+05:30,FLY,24050.0,134.15049963950935,92.49418502377503,35.65631461573432,26.579337916407574,TIME,60,False,2,24028.35,23961.95,iron_fly,100.0,0.9333333333333333,11.1899995803833
2026-09-07 09:40:00+05:30,2026-09-07 14:40:00+05:30,FLY,23850.0,168.68023591099313,151.536903789573,11.143332121420144,6.6061871808740555,TIME,60,False,2,23835.85,23758.7,iron_fly,100.0,1.9333333333333333,10.68000030517578
2026-09-08 09:40:00+05:30,2026-09-08 14:05:00+05:30,FLY,23650.0,133.3187046176302,66.21247123559661,61.106233382033594,45.83470380791027,TP,53,False,2,23674.35,23648.15,iron_fly,100.0,0.9333333333333333,11.15999984741211
2026-09-11 09:40:00+05:30,2026-09-11 14:40:00+05:30,FLY,23250.0,178.11032274153195,201.75983811404978,-29.64951537251784,-16.64671363014949,TIME,60,False,2,23248.2,23433.8,iron_fly,100.0,1.9333333333333333,11.800000190734863
2026-09-21 09:40:00+05:30,2026-09-21 14:40:00+05:30,FLY,23400.0,174.43094078417425,149.58836564316368,18.84257514101057,10.802312397274026,TIME,60,False,2,23392.8,23450.3,iron_fly,100.0,1.9333333333333333,11.390000343322754
2026-09-22 09:40:00+05:30,2026-09-22 14:40:00+05:30,FLY,23450.0,131.67121347109173,86.38501428129658,39.286199189795155,29.83658930007537,TIME,60,False,2,23456.0,23369.0,iron_fly,100.0,0.9333333333333333,11.25
2026-09-29 11:10:00+05:30,2026-09-29 14:35:00+05:30,FLY,22700.0,133.51740812327887,64.34491192021451,63.172496203064355,47.31405222061839,TP,41,False,2,22683.75,22679.8,iron_fly,100.0,0.6933333333333334,13.640000343322754
2026-10-05 09:40:00+05:30,2026-10-05 14:40:00+05:30,FLY,22600.0,199.65752967737626,171.5408966760249,22.116633001351374,11.077284707012716,TIME,60,False,2,22582.5,22553.35,iron_fly,100.0,1.9333333333333333,14.460000038146973
2026-10-06 09:40:00+05:30,2026-10-06 14:40:00+05:30,FLY,22600.0,161.0621776179264,110.94247665146523,44.11970096646118,27.392961910103097,TIME,60,False,2,22613.35,22702.55,iron_fly,100.0,0.9333333333333333,14.779999732971191
